use plastic;
DELETE FROM lga;
INSERT INTO lga (`lga_pid`,`lga_name`,`recycle_bin`,`rubbish_bin`) VALUES ('VIC245','Falls Creek Alpine Resort','Yellow','Red'); 
INSERT INTO lga (`lga_pid`,`lga_name`,`recycle_bin`,`rubbish_bin`) VALUES ('VIC246','Mount Buller Alpine Resort','Yellow','Red'); 
INSERT INTO lga (`lga_pid`,`lga_name`,`recycle_bin`,`rubbish_bin`) VALUES ('VIC231','Corangamite Shire','Yellow','Red'); 
INSERT INTO lga (`lga_pid`,`lga_name`,`recycle_bin`,`rubbish_bin`) VALUES ('VIC226','Kingston City','Yellow','Red'); 
INSERT INTO lga (`lga_pid`,`lga_name`,`recycle_bin`,`rubbish_bin`) VALUES ('VIC227','Frankston City','Yellow','Red'); 
INSERT INTO lga (`lga_pid`,`lga_name`,`recycle_bin`,`rubbish_bin`) VALUES ('VIC230','Golden Plains Shire','Yellow','Red'); 
INSERT INTO lga (`lga_pid`,`lga_name`,`recycle_bin`,`rubbish_bin`) VALUES ('VIC190','Moira Shire','Yellow','Red'); 
INSERT INTO lga (`lga_pid`,`lga_name`,`recycle_bin`,`rubbish_bin`) VALUES ('VIC191','Indigo Shire','Yellow','Red'); 
INSERT INTO lga (`lga_pid`,`lga_name`,`recycle_bin`,`rubbish_bin`) VALUES ('VIC192','Wodonga City','Yellow','Red'); 
INSERT INTO lga (`lga_pid`,`lga_name`,`recycle_bin`,`rubbish_bin`) VALUES ('VIC205','Darebin City','Yellow','Red'); 
INSERT INTO lga (`lga_pid`,`lga_name`,`recycle_bin`,`rubbish_bin`) VALUES ('VIC207','Maroondah City','Yellow','Red'); 
INSERT INTO lga (`lga_pid`,`lga_name`,`recycle_bin`,`rubbish_bin`) VALUES ('VIC232','West Wimmera Shire','Yellow','Red'); 
INSERT INTO lga (`lga_pid`,`lga_name`,`recycle_bin`,`rubbish_bin`) VALUES ('VIC234','Maribyrnong City','Yellow','Red'); 
INSERT INTO lga (`lga_pid`,`lga_name`,`recycle_bin`,`rubbish_bin`) VALUES ('VIC235','Hobsons Bay City','Yellow','Red'); 
INSERT INTO lga (`lga_pid`,`lga_name`,`recycle_bin`,`rubbish_bin`) VALUES ('VIC195','Manningham City','Yellow','Red'); 
INSERT INTO lga (`lga_pid`,`lga_name`,`recycle_bin`,`rubbish_bin`) VALUES ('VIC196','Whitehorse City','Yellow','Red'); 
INSERT INTO lga (`lga_pid`,`lga_name`,`recycle_bin`,`rubbish_bin`) VALUES ('VIC201','Boroondara City','Yellow','Red'); 
INSERT INTO lga (`lga_pid`,`lga_name`,`recycle_bin`,`rubbish_bin`) VALUES ('VIC209','Knox City','Yellow','Red'); 
INSERT INTO lga (`lga_pid`,`lga_name`,`recycle_bin`,`rubbish_bin`) VALUES ('VIC210','Monash City','Yellow','Red'); 
INSERT INTO lga (`lga_pid`,`lga_name`,`recycle_bin`,`rubbish_bin`) VALUES ('VIC202','Yarra City','Yellow','Red'); 
INSERT INTO lga (`lga_pid`,`lga_name`,`recycle_bin`,`rubbish_bin`) VALUES ('VIC203','Stonnington City','Yellow','Red'); 
INSERT INTO lga (`lga_pid`,`lga_name`,`recycle_bin`,`rubbish_bin`) VALUES ('VIC250','Murrindindi Shire','Yellow','Red'); 
INSERT INTO lga (`lga_pid`,`lga_name`,`recycle_bin`,`rubbish_bin`) VALUES ('VIC152','Hindmarsh Shire','Yellow','Red'); 
INSERT INTO lga (`lga_pid`,`lga_name`,`recycle_bin`,`rubbish_bin`) VALUES ('VIC173','Bass Coast Shire','Yellow','Red'); 
INSERT INTO lga (`lga_pid`,`lga_name`,`recycle_bin`,`rubbish_bin`) VALUES ('VIC93','Greater Shepparton City','Yellow','Red'); 
INSERT INTO lga (`lga_pid`,`lga_name`,`recycle_bin`,`rubbish_bin`) VALUES ('VIC236','Moorabool Shire','Yellow','Red'); 
INSERT INTO lga (`lga_pid`,`lga_name`,`recycle_bin`,`rubbish_bin`) VALUES ('VIC241','Ballarat City','Yellow','Red'); 
INSERT INTO lga (`lga_pid`,`lga_name`,`recycle_bin`,`rubbish_bin`) VALUES ('VIC94','Hepburn Shire','Yellow','Red'); 
INSERT INTO lga (`lga_pid`,`lga_name`,`recycle_bin`,`rubbish_bin`) VALUES ('VIC105','Mount Alexander Shire','Yellow','Red'); 
INSERT INTO lga (`lga_pid`,`lga_name`,`recycle_bin`,`rubbish_bin`) VALUES ('VIC169','Central Goldfields Shire','Yellow','Red'); 
INSERT INTO lga (`lga_pid`,`lga_name`,`recycle_bin`,`rubbish_bin`) VALUES ('VIC183','Buloke Shire','Yellow','Red'); 
INSERT INTO lga (`lga_pid`,`lga_name`,`recycle_bin`,`rubbish_bin`) VALUES ('VIC214','Gannawarra Shire','Yellow','Red'); 
INSERT INTO lga (`lga_pid`,`lga_name`,`recycle_bin`,`rubbish_bin`) VALUES ('VIC222','Mildura Rural City','Yellow','Red'); 
INSERT INTO lga (`lga_pid`,`lga_name`,`recycle_bin`,`rubbish_bin`) VALUES ('VIC110','Strathbogie Shire','Yellow','Red'); 
INSERT INTO lga (`lga_pid`,`lga_name`,`recycle_bin`,`rubbish_bin`) VALUES ('VIC242','Alpine Shire','Yellow','Red'); 
INSERT INTO lga (`lga_pid`,`lga_name`,`recycle_bin`,`rubbish_bin`) VALUES ('VIC225','Surf Coast Shire','Yellow','Red'); 
INSERT INTO lga (`lga_pid`,`lga_name`,`recycle_bin`,`rubbish_bin`) VALUES ('VIC215','Greater Geelong City','Yellow','Red'); 
INSERT INTO lga (`lga_pid`,`lga_name`,`recycle_bin`,`rubbish_bin`) VALUES ('VIC199','Benalla Rural City','Yellow','Red'); 
INSERT INTO lga (`lga_pid`,`lga_name`,`recycle_bin`,`rubbish_bin`) VALUES ('VIC131','Moreland City','Yellow','Red'); 
INSERT INTO lga (`lga_pid`,`lga_name`,`recycle_bin`,`rubbish_bin`) VALUES ('VIC248','Mount Hotham Alpine Resort','Yellow','Red'); 
INSERT INTO lga (`lga_pid`,`lga_name`,`recycle_bin`,`rubbish_bin`) VALUES ('VIC121','Moonee Valley City','Yellow','Red'); 
INSERT INTO lga (`lga_pid`,`lga_name`,`recycle_bin`,`rubbish_bin`) VALUES ('VIC186','Wangaratta Rural City','Yellow','Red'); 
INSERT INTO lga (`lga_pid`,`lga_name`,`recycle_bin`,`rubbish_bin`) VALUES ('VIC221','Wyndham City','Yellow','Red'); 
INSERT INTO lga (`lga_pid`,`lga_name`,`recycle_bin`,`rubbish_bin`) VALUES ('VIC219','Latrobe City','Yellow','Red'); 
INSERT INTO lga (`lga_pid`,`lga_name`,`recycle_bin`,`rubbish_bin`) VALUES ('VIC244','Mansfield Shire','Yellow','Red'); 
INSERT INTO lga (`lga_pid`,`lga_name`,`recycle_bin`,`rubbish_bin`) VALUES ('VIC223','Glenelg Shire','Yellow','Red'); 
INSERT INTO lga (`lga_pid`,`lga_name`,`recycle_bin`,`rubbish_bin`) VALUES ('VIC233','Southern Grampians Shire','Yellow','Red'); 
INSERT INTO lga (`lga_pid`,`lga_name`,`recycle_bin`,`rubbish_bin`) VALUES ('VIC229','Moyne Shire','Yellow','Red'); 
INSERT INTO lga (`lga_pid`,`lga_name`,`recycle_bin`,`rubbish_bin`) VALUES ('VIC166','Northern Grampians Shire','Yellow','Red'); 
INSERT INTO lga (`lga_pid`,`lga_name`,`recycle_bin`,`rubbish_bin`) VALUES ('VIC178','South Gippsland Shire','Yellow','Red'); 
INSERT INTO lga (`lga_pid`,`lga_name`,`recycle_bin`,`rubbish_bin`) VALUES ('VIC200','Yarriambiack Shire','Yellow','Red'); 
INSERT INTO lga (`lga_pid`,`lga_name`,`recycle_bin`,`rubbish_bin`) VALUES ('VIC220','Ararat Rural City','Yellow','Red'); 
INSERT INTO lga (`lga_pid`,`lga_name`,`recycle_bin`,`rubbish_bin`) VALUES ('VIC217','Pyrenees Shire','Yellow','Red'); 
INSERT INTO lga (`lga_pid`,`lga_name`,`recycle_bin`,`rubbish_bin`) VALUES ('VIC153','Horsham Rural City','Yellow','Red'); 
INSERT INTO lga (`lga_pid`,`lga_name`,`recycle_bin`,`rubbish_bin`) VALUES ('VIC228','Macedon Ranges Shire','Yellow','Red'); 
INSERT INTO lga (`lga_pid`,`lga_name`,`recycle_bin`,`rubbish_bin`) VALUES ('VIC194','Baw Baw Shire','Yellow','Red'); 
INSERT INTO lga (`lga_pid`,`lga_name`,`recycle_bin`,`rubbish_bin`) VALUES ('VIC237','Melton City','Yellow','Red'); 
INSERT INTO lga (`lga_pid`,`lga_name`,`recycle_bin`,`rubbish_bin`) VALUES ('VIC198','Hume City','Yellow','Red'); 
INSERT INTO lga (`lga_pid`,`lga_name`,`recycle_bin`,`rubbish_bin`) VALUES ('VIC197','Whittlesea City','Yellow','Red'); 
INSERT INTO lga (`lga_pid`,`lga_name`,`recycle_bin`,`rubbish_bin`) VALUES ('VIC189','Brimbank City','Yellow','Red'); 
INSERT INTO lga (`lga_pid`,`lga_name`,`recycle_bin`,`rubbish_bin`) VALUES ('VIC243','East Gippsland Shire','Yellow','Red'); 
INSERT INTO lga (`lga_pid`,`lga_name`,`recycle_bin`,`rubbish_bin`) VALUES ('VIC185','Loddon Shire','Yellow','Red'); 
INSERT INTO lga (`lga_pid`,`lga_name`,`recycle_bin`,`rubbish_bin`) VALUES ('VIC239','Campaspe Shire','Yellow','Red'); 
INSERT INTO lga (`lga_pid`,`lga_name`,`recycle_bin`,`rubbish_bin`) VALUES ('VIC206','Yarra Ranges Shire','Yellow','Red'); 
INSERT INTO lga (`lga_pid`,`lga_name`,`recycle_bin`,`rubbish_bin`) VALUES ('VIC218','Wellington Shire','Yellow','Red'); 
INSERT INTO lga (`lga_pid`,`lga_name`,`recycle_bin`,`rubbish_bin`) VALUES ('VIC212','Cardinia Shire','Yellow','Red'); 
INSERT INTO lga (`lga_pid`,`lga_name`,`recycle_bin`,`rubbish_bin`) VALUES ('VIC211','Mitchell Shire','Yellow','Red'); 
INSERT INTO lga (`lga_pid`,`lga_name`,`recycle_bin`,`rubbish_bin`) VALUES ('VIC193','Greater Bendigo City','Yellow','Red'); 
INSERT INTO lga (`lga_pid`,`lga_name`,`recycle_bin`,`rubbish_bin`) VALUES ('VIC213','Casey City','Yellow','Red'); 
INSERT INTO lga (`lga_pid`,`lga_name`,`recycle_bin`,`rubbish_bin`) VALUES ('VIC216','Nillumbik Shire','Yellow','Red'); 
INSERT INTO lga (`lga_pid`,`lga_name`,`recycle_bin`,`rubbish_bin`) VALUES ('VIC249','Mount Baw Baw Alpine Resort','Yellow','Red'); 
INSERT INTO lga (`lga_pid`,`lga_name`,`recycle_bin`,`rubbish_bin`) VALUES ('VIC177','Glen Eira City','Yellow','Red'); 
INSERT INTO lga (`lga_pid`,`lga_name`,`recycle_bin`,`rubbish_bin`) VALUES ('VIC247','Greater Dandenong City','Yellow','Red'); 
INSERT INTO lga (`lga_pid`,`lga_name`,`recycle_bin`,`rubbish_bin`) VALUES ('VIC179','Warrnambool City','Yellow','Red'); 
INSERT INTO lga (`lga_pid`,`lga_name`,`recycle_bin`,`rubbish_bin`) VALUES ('VIC182','Bayside City','Yellow','Red'); 
INSERT INTO lga (`lga_pid`,`lga_name`,`recycle_bin`,`rubbish_bin`) VALUES ('VIC184','Lake Mountain Alpine Resort','Yellow','Red'); 
INSERT INTO lga (`lga_pid`,`lga_name`,`recycle_bin`,`rubbish_bin`) VALUES ('VIC224','Colac Otway Shire','Yellow','Red'); 
INSERT INTO lga (`lga_pid`,`lga_name`,`recycle_bin`,`rubbish_bin`) VALUES ('VIC180','Swan Hill Rural City','Yellow','Red'); 
INSERT INTO lga (`lga_pid`,`lga_name`,`recycle_bin`,`rubbish_bin`) VALUES ('VIC132','Melbourne City','Yellow','Red'); 
INSERT INTO lga (`lga_pid`,`lga_name`,`recycle_bin`,`rubbish_bin`) VALUES ('VIC208','Port Phillip City','Yellow','Red'); 
INSERT INTO lga (`lga_pid`,`lga_name`,`recycle_bin`,`rubbish_bin`) VALUES ('VIC181','Gabo Island','Yellow','Red'); 
INSERT INTO lga (`lga_pid`,`lga_name`,`recycle_bin`,`rubbish_bin`) VALUES ('VIC251','French-Elizabeth-Sandstone Islands (Uninc)','Yellow','Red'); 
INSERT INTO lga (`lga_pid`,`lga_name`,`recycle_bin`,`rubbish_bin`) VALUES ('VIC188','Banyule City','Yellow','Red'); 
INSERT INTO lga (`lga_pid`,`lga_name`,`recycle_bin`,`rubbish_bin`) VALUES ('VIC187','Towong Shire','Yellow','Red'); 
INSERT INTO lga (`lga_pid`,`lga_name`,`recycle_bin`,`rubbish_bin`) VALUES ('VIC238','Queenscliffe Borough','Yellow','Red'); 
INSERT INTO lga (`lga_pid`,`lga_name`,`recycle_bin`,`rubbish_bin`) VALUES ('VIC240','Mount Stirling Alpine Resort','Yellow','Red'); 
INSERT INTO lga (`lga_pid`,`lga_name`,`recycle_bin`,`rubbish_bin`) VALUES ('VIC204','Mornington Peninsula Shire','Yellow','Red'); 
DELETE FROM product;
INSERT INTO product (`product_id`,`product`,`image`,`image_small`,`is_accepted_default`) VALUES ('1','Empty plastic takeaway food containers ','takeaway.jpg','takeaway_icon.jpg','1'); 
INSERT INTO product (`product_id`,`product`,`image`,`image_small`,`is_accepted_default`) VALUES ('2','Plastic bottles () ','bottle.jpg','bottle_icon.jpg','1'); 
INSERT INTO product (`product_id`,`product`,`image`,`image_small`,`is_accepted_default`) VALUES ('3','Detergent bottles (bottle only)  ','detergent.jpg','detergent_icon.jpg','1'); 
INSERT INTO product (`product_id`,`product`,`image`,`image_small`,`is_accepted_default`) VALUES ('4','Empty plastic tubs (eg. yoghurt tubs, ice cream containers) ','tub.jpg','tub_icon.jpg','1'); 
INSERT INTO product (`product_id`,`product`,`image`,`image_small`,`is_accepted_default`) VALUES ('5','Plastic meat trays ','meat.jpg','meat_icon.jpg','1'); 
INSERT INTO product (`product_id`,`product`,`image`,`image_small`,`is_accepted_default`) VALUES ('6','Plastic plant pots ','pot.jpg','pot_icon.jpg','1'); 
INSERT INTO product (`product_id`,`product`,`image`,`image_small`,`is_accepted_default`) VALUES ('7','Plastic fruit punnets and biscuit trays ','punnet.jpg','punnet_icon.jpg','1'); 
INSERT INTO product (`product_id`,`product`,`image`,`image_small`,`is_accepted_default`) VALUES ('8','Polystyrene','poly.jpg','poly_icon.jpg','0'); 
INSERT INTO product (`product_id`,`product`,`image`,`image_small`,`is_accepted_default`) VALUES ('9','Plastic bags Soft plastics','bag.jpg','bag_icon.jpg','0'); 
INSERT INTO product (`product_id`,`product`,`image`,`image_small`,`is_accepted_default`) VALUES ('10','Plastic cutlery','cutlery.jpg','cutlery_icon.jpg','0'); 
INSERT INTO product (`product_id`,`product`,`image`,`image_small`,`is_accepted_default`) VALUES ('11','Plastic bottles tops','bottle_top.jpg','bottle_top_icon.jpg','0'); 
DELETE FROM lga_product;
INSERT INTO lga_product (`lga_pid`,`product_id`,`is_accepted`) VALUES ('VIC105','11','1'); 
INSERT INTO lga_product (`lga_pid`,`product_id`,`is_accepted`) VALUES ('VIC105','10','0'); 
INSERT INTO lga_product (`lga_pid`,`product_id`,`is_accepted`) VALUES ('VIC105','9','0'); 
INSERT INTO lga_product (`lga_pid`,`product_id`,`is_accepted`) VALUES ('VIC105','8','0'); 
INSERT INTO lga_product (`lga_pid`,`product_id`,`is_accepted`) VALUES ('VIC105','7','1'); 
INSERT INTO lga_product (`lga_pid`,`product_id`,`is_accepted`) VALUES ('VIC105','6','1'); 
INSERT INTO lga_product (`lga_pid`,`product_id`,`is_accepted`) VALUES ('VIC105','5','1'); 
INSERT INTO lga_product (`lga_pid`,`product_id`,`is_accepted`) VALUES ('VIC105','4','1'); 
INSERT INTO lga_product (`lga_pid`,`product_id`,`is_accepted`) VALUES ('VIC105','3','1'); 
INSERT INTO lga_product (`lga_pid`,`product_id`,`is_accepted`) VALUES ('VIC105','2','1'); 
INSERT INTO lga_product (`lga_pid`,`product_id`,`is_accepted`) VALUES ('VIC105','1','1'); 
INSERT INTO lga_product (`lga_pid`,`product_id`,`is_accepted`) VALUES ('VIC110','11','0'); 
INSERT INTO lga_product (`lga_pid`,`product_id`,`is_accepted`) VALUES ('VIC110','10','0'); 
INSERT INTO lga_product (`lga_pid`,`product_id`,`is_accepted`) VALUES ('VIC110','9','0'); 
INSERT INTO lga_product (`lga_pid`,`product_id`,`is_accepted`) VALUES ('VIC110','8','0'); 
INSERT INTO lga_product (`lga_pid`,`product_id`,`is_accepted`) VALUES ('VIC110','7','1'); 
INSERT INTO lga_product (`lga_pid`,`product_id`,`is_accepted`) VALUES ('VIC110','6','1'); 
INSERT INTO lga_product (`lga_pid`,`product_id`,`is_accepted`) VALUES ('VIC110','5','1'); 
INSERT INTO lga_product (`lga_pid`,`product_id`,`is_accepted`) VALUES ('VIC110','4','1'); 
INSERT INTO lga_product (`lga_pid`,`product_id`,`is_accepted`) VALUES ('VIC110','3','1'); 
INSERT INTO lga_product (`lga_pid`,`product_id`,`is_accepted`) VALUES ('VIC110','2','1'); 
INSERT INTO lga_product (`lga_pid`,`product_id`,`is_accepted`) VALUES ('VIC110','1','1'); 
INSERT INTO lga_product (`lga_pid`,`product_id`,`is_accepted`) VALUES ('VIC121','11','0'); 
INSERT INTO lga_product (`lga_pid`,`product_id`,`is_accepted`) VALUES ('VIC121','10','0'); 
INSERT INTO lga_product (`lga_pid`,`product_id`,`is_accepted`) VALUES ('VIC121','9','0'); 
INSERT INTO lga_product (`lga_pid`,`product_id`,`is_accepted`) VALUES ('VIC121','8','0'); 
INSERT INTO lga_product (`lga_pid`,`product_id`,`is_accepted`) VALUES ('VIC121','7','1'); 
INSERT INTO lga_product (`lga_pid`,`product_id`,`is_accepted`) VALUES ('VIC121','6','1'); 
INSERT INTO lga_product (`lga_pid`,`product_id`,`is_accepted`) VALUES ('VIC121','5','1'); 
INSERT INTO lga_product (`lga_pid`,`product_id`,`is_accepted`) VALUES ('VIC121','4','1'); 
INSERT INTO lga_product (`lga_pid`,`product_id`,`is_accepted`) VALUES ('VIC121','3','1'); 
INSERT INTO lga_product (`lga_pid`,`product_id`,`is_accepted`) VALUES ('VIC121','2','1'); 
INSERT INTO lga_product (`lga_pid`,`product_id`,`is_accepted`) VALUES ('VIC121','1','1'); 
INSERT INTO lga_product (`lga_pid`,`product_id`,`is_accepted`) VALUES ('VIC131','11','0'); 
INSERT INTO lga_product (`lga_pid`,`product_id`,`is_accepted`) VALUES ('VIC131','10','0'); 
INSERT INTO lga_product (`lga_pid`,`product_id`,`is_accepted`) VALUES ('VIC131','9','0'); 
INSERT INTO lga_product (`lga_pid`,`product_id`,`is_accepted`) VALUES ('VIC131','8','0'); 
INSERT INTO lga_product (`lga_pid`,`product_id`,`is_accepted`) VALUES ('VIC131','7','1'); 
INSERT INTO lga_product (`lga_pid`,`product_id`,`is_accepted`) VALUES ('VIC131','6','1'); 
INSERT INTO lga_product (`lga_pid`,`product_id`,`is_accepted`) VALUES ('VIC131','5','1'); 
INSERT INTO lga_product (`lga_pid`,`product_id`,`is_accepted`) VALUES ('VIC131','4','1'); 
INSERT INTO lga_product (`lga_pid`,`product_id`,`is_accepted`) VALUES ('VIC131','3','1'); 
INSERT INTO lga_product (`lga_pid`,`product_id`,`is_accepted`) VALUES ('VIC131','2','1'); 
INSERT INTO lga_product (`lga_pid`,`product_id`,`is_accepted`) VALUES ('VIC131','1','1'); 
INSERT INTO lga_product (`lga_pid`,`product_id`,`is_accepted`) VALUES ('VIC132','11','0'); 
INSERT INTO lga_product (`lga_pid`,`product_id`,`is_accepted`) VALUES ('VIC132','10','0'); 
INSERT INTO lga_product (`lga_pid`,`product_id`,`is_accepted`) VALUES ('VIC132','9','0'); 
INSERT INTO lga_product (`lga_pid`,`product_id`,`is_accepted`) VALUES ('VIC132','8','0'); 
INSERT INTO lga_product (`lga_pid`,`product_id`,`is_accepted`) VALUES ('VIC132','7','1'); 
INSERT INTO lga_product (`lga_pid`,`product_id`,`is_accepted`) VALUES ('VIC132','6','1'); 
INSERT INTO lga_product (`lga_pid`,`product_id`,`is_accepted`) VALUES ('VIC132','5','1'); 
INSERT INTO lga_product (`lga_pid`,`product_id`,`is_accepted`) VALUES ('VIC132','4','1'); 
INSERT INTO lga_product (`lga_pid`,`product_id`,`is_accepted`) VALUES ('VIC132','3','1'); 
INSERT INTO lga_product (`lga_pid`,`product_id`,`is_accepted`) VALUES ('VIC132','2','1'); 
INSERT INTO lga_product (`lga_pid`,`product_id`,`is_accepted`) VALUES ('VIC132','1','1'); 
INSERT INTO lga_product (`lga_pid`,`product_id`,`is_accepted`) VALUES ('VIC152','11','0'); 
INSERT INTO lga_product (`lga_pid`,`product_id`,`is_accepted`) VALUES ('VIC152','10','0'); 
INSERT INTO lga_product (`lga_pid`,`product_id`,`is_accepted`) VALUES ('VIC152','9','0'); 
INSERT INTO lga_product (`lga_pid`,`product_id`,`is_accepted`) VALUES ('VIC152','8','0'); 
INSERT INTO lga_product (`lga_pid`,`product_id`,`is_accepted`) VALUES ('VIC152','7','1'); 
INSERT INTO lga_product (`lga_pid`,`product_id`,`is_accepted`) VALUES ('VIC152','6','1'); 
INSERT INTO lga_product (`lga_pid`,`product_id`,`is_accepted`) VALUES ('VIC152','5','1'); 
INSERT INTO lga_product (`lga_pid`,`product_id`,`is_accepted`) VALUES ('VIC152','4','1'); 
INSERT INTO lga_product (`lga_pid`,`product_id`,`is_accepted`) VALUES ('VIC152','3','1'); 
INSERT INTO lga_product (`lga_pid`,`product_id`,`is_accepted`) VALUES ('VIC152','2','1'); 
INSERT INTO lga_product (`lga_pid`,`product_id`,`is_accepted`) VALUES ('VIC152','1','1'); 
INSERT INTO lga_product (`lga_pid`,`product_id`,`is_accepted`) VALUES ('VIC153','11','0'); 
INSERT INTO lga_product (`lga_pid`,`product_id`,`is_accepted`) VALUES ('VIC153','10','0'); 
INSERT INTO lga_product (`lga_pid`,`product_id`,`is_accepted`) VALUES ('VIC153','9','0'); 
INSERT INTO lga_product (`lga_pid`,`product_id`,`is_accepted`) VALUES ('VIC153','8','0'); 
INSERT INTO lga_product (`lga_pid`,`product_id`,`is_accepted`) VALUES ('VIC153','7','1'); 
INSERT INTO lga_product (`lga_pid`,`product_id`,`is_accepted`) VALUES ('VIC153','6','1'); 
INSERT INTO lga_product (`lga_pid`,`product_id`,`is_accepted`) VALUES ('VIC153','5','1'); 
INSERT INTO lga_product (`lga_pid`,`product_id`,`is_accepted`) VALUES ('VIC153','4','1'); 
INSERT INTO lga_product (`lga_pid`,`product_id`,`is_accepted`) VALUES ('VIC153','3','1'); 
INSERT INTO lga_product (`lga_pid`,`product_id`,`is_accepted`) VALUES ('VIC153','2','1'); 
INSERT INTO lga_product (`lga_pid`,`product_id`,`is_accepted`) VALUES ('VIC153','1','1'); 
INSERT INTO lga_product (`lga_pid`,`product_id`,`is_accepted`) VALUES ('VIC166','11','0'); 
INSERT INTO lga_product (`lga_pid`,`product_id`,`is_accepted`) VALUES ('VIC166','10','0'); 
INSERT INTO lga_product (`lga_pid`,`product_id`,`is_accepted`) VALUES ('VIC166','9','0'); 
INSERT INTO lga_product (`lga_pid`,`product_id`,`is_accepted`) VALUES ('VIC166','8','0'); 
INSERT INTO lga_product (`lga_pid`,`product_id`,`is_accepted`) VALUES ('VIC166','7','1'); 
INSERT INTO lga_product (`lga_pid`,`product_id`,`is_accepted`) VALUES ('VIC166','6','1'); 
INSERT INTO lga_product (`lga_pid`,`product_id`,`is_accepted`) VALUES ('VIC166','5','1'); 
INSERT INTO lga_product (`lga_pid`,`product_id`,`is_accepted`) VALUES ('VIC166','4','1'); 
INSERT INTO lga_product (`lga_pid`,`product_id`,`is_accepted`) VALUES ('VIC166','3','1'); 
INSERT INTO lga_product (`lga_pid`,`product_id`,`is_accepted`) VALUES ('VIC166','2','1'); 
INSERT INTO lga_product (`lga_pid`,`product_id`,`is_accepted`) VALUES ('VIC166','1','1'); 
INSERT INTO lga_product (`lga_pid`,`product_id`,`is_accepted`) VALUES ('VIC169','11','0'); 
INSERT INTO lga_product (`lga_pid`,`product_id`,`is_accepted`) VALUES ('VIC169','10','0'); 
INSERT INTO lga_product (`lga_pid`,`product_id`,`is_accepted`) VALUES ('VIC169','9','0'); 
INSERT INTO lga_product (`lga_pid`,`product_id`,`is_accepted`) VALUES ('VIC169','8','0'); 
INSERT INTO lga_product (`lga_pid`,`product_id`,`is_accepted`) VALUES ('VIC169','7','1'); 
INSERT INTO lga_product (`lga_pid`,`product_id`,`is_accepted`) VALUES ('VIC169','6','1'); 
INSERT INTO lga_product (`lga_pid`,`product_id`,`is_accepted`) VALUES ('VIC169','5','1'); 
INSERT INTO lga_product (`lga_pid`,`product_id`,`is_accepted`) VALUES ('VIC169','4','1'); 
INSERT INTO lga_product (`lga_pid`,`product_id`,`is_accepted`) VALUES ('VIC169','3','1'); 
INSERT INTO lga_product (`lga_pid`,`product_id`,`is_accepted`) VALUES ('VIC169','2','1'); 
INSERT INTO lga_product (`lga_pid`,`product_id`,`is_accepted`) VALUES ('VIC169','1','1'); 
INSERT INTO lga_product (`lga_pid`,`product_id`,`is_accepted`) VALUES ('VIC173','11','0'); 
INSERT INTO lga_product (`lga_pid`,`product_id`,`is_accepted`) VALUES ('VIC173','10','0'); 
INSERT INTO lga_product (`lga_pid`,`product_id`,`is_accepted`) VALUES ('VIC173','9','0'); 
INSERT INTO lga_product (`lga_pid`,`product_id`,`is_accepted`) VALUES ('VIC173','8','0'); 
INSERT INTO lga_product (`lga_pid`,`product_id`,`is_accepted`) VALUES ('VIC173','7','1'); 
INSERT INTO lga_product (`lga_pid`,`product_id`,`is_accepted`) VALUES ('VIC173','6','1'); 
INSERT INTO lga_product (`lga_pid`,`product_id`,`is_accepted`) VALUES ('VIC173','5','1'); 
INSERT INTO lga_product (`lga_pid`,`product_id`,`is_accepted`) VALUES ('VIC173','4','1'); 
INSERT INTO lga_product (`lga_pid`,`product_id`,`is_accepted`) VALUES ('VIC173','3','1'); 
INSERT INTO lga_product (`lga_pid`,`product_id`,`is_accepted`) VALUES ('VIC173','2','1'); 
INSERT INTO lga_product (`lga_pid`,`product_id`,`is_accepted`) VALUES ('VIC173','1','1'); 
INSERT INTO lga_product (`lga_pid`,`product_id`,`is_accepted`) VALUES ('VIC177','11','0'); 
INSERT INTO lga_product (`lga_pid`,`product_id`,`is_accepted`) VALUES ('VIC177','10','0'); 
INSERT INTO lga_product (`lga_pid`,`product_id`,`is_accepted`) VALUES ('VIC177','9','0'); 
INSERT INTO lga_product (`lga_pid`,`product_id`,`is_accepted`) VALUES ('VIC177','8','0'); 
INSERT INTO lga_product (`lga_pid`,`product_id`,`is_accepted`) VALUES ('VIC177','7','1'); 
INSERT INTO lga_product (`lga_pid`,`product_id`,`is_accepted`) VALUES ('VIC177','6','1'); 
INSERT INTO lga_product (`lga_pid`,`product_id`,`is_accepted`) VALUES ('VIC177','5','1'); 
INSERT INTO lga_product (`lga_pid`,`product_id`,`is_accepted`) VALUES ('VIC177','4','1'); 
INSERT INTO lga_product (`lga_pid`,`product_id`,`is_accepted`) VALUES ('VIC177','3','1'); 
INSERT INTO lga_product (`lga_pid`,`product_id`,`is_accepted`) VALUES ('VIC177','2','1'); 
INSERT INTO lga_product (`lga_pid`,`product_id`,`is_accepted`) VALUES ('VIC177','1','1'); 
INSERT INTO lga_product (`lga_pid`,`product_id`,`is_accepted`) VALUES ('VIC178','11','1'); 
INSERT INTO lga_product (`lga_pid`,`product_id`,`is_accepted`) VALUES ('VIC178','10','0'); 
INSERT INTO lga_product (`lga_pid`,`product_id`,`is_accepted`) VALUES ('VIC178','9','0'); 
INSERT INTO lga_product (`lga_pid`,`product_id`,`is_accepted`) VALUES ('VIC178','8','0'); 
INSERT INTO lga_product (`lga_pid`,`product_id`,`is_accepted`) VALUES ('VIC178','7','1'); 
INSERT INTO lga_product (`lga_pid`,`product_id`,`is_accepted`) VALUES ('VIC178','6','1'); 
INSERT INTO lga_product (`lga_pid`,`product_id`,`is_accepted`) VALUES ('VIC178','5','1'); 
INSERT INTO lga_product (`lga_pid`,`product_id`,`is_accepted`) VALUES ('VIC178','4','1'); 
INSERT INTO lga_product (`lga_pid`,`product_id`,`is_accepted`) VALUES ('VIC178','3','1'); 
INSERT INTO lga_product (`lga_pid`,`product_id`,`is_accepted`) VALUES ('VIC178','2','1'); 
INSERT INTO lga_product (`lga_pid`,`product_id`,`is_accepted`) VALUES ('VIC178','1','1'); 
INSERT INTO lga_product (`lga_pid`,`product_id`,`is_accepted`) VALUES ('VIC179','11','0'); 
INSERT INTO lga_product (`lga_pid`,`product_id`,`is_accepted`) VALUES ('VIC179','10','0'); 
INSERT INTO lga_product (`lga_pid`,`product_id`,`is_accepted`) VALUES ('VIC179','9','0'); 
INSERT INTO lga_product (`lga_pid`,`product_id`,`is_accepted`) VALUES ('VIC179','8','0'); 
INSERT INTO lga_product (`lga_pid`,`product_id`,`is_accepted`) VALUES ('VIC179','7','1'); 
INSERT INTO lga_product (`lga_pid`,`product_id`,`is_accepted`) VALUES ('VIC179','6','1'); 
INSERT INTO lga_product (`lga_pid`,`product_id`,`is_accepted`) VALUES ('VIC179','5','1'); 
INSERT INTO lga_product (`lga_pid`,`product_id`,`is_accepted`) VALUES ('VIC179','4','1'); 
INSERT INTO lga_product (`lga_pid`,`product_id`,`is_accepted`) VALUES ('VIC179','3','1'); 
INSERT INTO lga_product (`lga_pid`,`product_id`,`is_accepted`) VALUES ('VIC179','2','1'); 
INSERT INTO lga_product (`lga_pid`,`product_id`,`is_accepted`) VALUES ('VIC179','1','1'); 
INSERT INTO lga_product (`lga_pid`,`product_id`,`is_accepted`) VALUES ('VIC180','11','0'); 
INSERT INTO lga_product (`lga_pid`,`product_id`,`is_accepted`) VALUES ('VIC180','10','0'); 
INSERT INTO lga_product (`lga_pid`,`product_id`,`is_accepted`) VALUES ('VIC180','9','0'); 
INSERT INTO lga_product (`lga_pid`,`product_id`,`is_accepted`) VALUES ('VIC180','8','0'); 
INSERT INTO lga_product (`lga_pid`,`product_id`,`is_accepted`) VALUES ('VIC180','7','1'); 
INSERT INTO lga_product (`lga_pid`,`product_id`,`is_accepted`) VALUES ('VIC180','6','1'); 
INSERT INTO lga_product (`lga_pid`,`product_id`,`is_accepted`) VALUES ('VIC180','5','1'); 
INSERT INTO lga_product (`lga_pid`,`product_id`,`is_accepted`) VALUES ('VIC180','4','1'); 
INSERT INTO lga_product (`lga_pid`,`product_id`,`is_accepted`) VALUES ('VIC180','3','1'); 
INSERT INTO lga_product (`lga_pid`,`product_id`,`is_accepted`) VALUES ('VIC180','2','1'); 
INSERT INTO lga_product (`lga_pid`,`product_id`,`is_accepted`) VALUES ('VIC180','1','1'); 
INSERT INTO lga_product (`lga_pid`,`product_id`,`is_accepted`) VALUES ('VIC181','11','0'); 
INSERT INTO lga_product (`lga_pid`,`product_id`,`is_accepted`) VALUES ('VIC181','10','0'); 
INSERT INTO lga_product (`lga_pid`,`product_id`,`is_accepted`) VALUES ('VIC181','9','0'); 
INSERT INTO lga_product (`lga_pid`,`product_id`,`is_accepted`) VALUES ('VIC181','8','0'); 
INSERT INTO lga_product (`lga_pid`,`product_id`,`is_accepted`) VALUES ('VIC181','7','1'); 
INSERT INTO lga_product (`lga_pid`,`product_id`,`is_accepted`) VALUES ('VIC181','6','1'); 
INSERT INTO lga_product (`lga_pid`,`product_id`,`is_accepted`) VALUES ('VIC181','5','1'); 
INSERT INTO lga_product (`lga_pid`,`product_id`,`is_accepted`) VALUES ('VIC181','4','1'); 
INSERT INTO lga_product (`lga_pid`,`product_id`,`is_accepted`) VALUES ('VIC181','3','1'); 
INSERT INTO lga_product (`lga_pid`,`product_id`,`is_accepted`) VALUES ('VIC181','2','1'); 
INSERT INTO lga_product (`lga_pid`,`product_id`,`is_accepted`) VALUES ('VIC181','1','1'); 
INSERT INTO lga_product (`lga_pid`,`product_id`,`is_accepted`) VALUES ('VIC182','11','0'); 
INSERT INTO lga_product (`lga_pid`,`product_id`,`is_accepted`) VALUES ('VIC182','10','0'); 
INSERT INTO lga_product (`lga_pid`,`product_id`,`is_accepted`) VALUES ('VIC182','9','0'); 
INSERT INTO lga_product (`lga_pid`,`product_id`,`is_accepted`) VALUES ('VIC182','8','0'); 
INSERT INTO lga_product (`lga_pid`,`product_id`,`is_accepted`) VALUES ('VIC182','7','1'); 
INSERT INTO lga_product (`lga_pid`,`product_id`,`is_accepted`) VALUES ('VIC182','6','1'); 
INSERT INTO lga_product (`lga_pid`,`product_id`,`is_accepted`) VALUES ('VIC182','5','1'); 
INSERT INTO lga_product (`lga_pid`,`product_id`,`is_accepted`) VALUES ('VIC182','4','1'); 
INSERT INTO lga_product (`lga_pid`,`product_id`,`is_accepted`) VALUES ('VIC182','3','1'); 
INSERT INTO lga_product (`lga_pid`,`product_id`,`is_accepted`) VALUES ('VIC182','2','1'); 
INSERT INTO lga_product (`lga_pid`,`product_id`,`is_accepted`) VALUES ('VIC182','1','1'); 
INSERT INTO lga_product (`lga_pid`,`product_id`,`is_accepted`) VALUES ('VIC183','11','0'); 
INSERT INTO lga_product (`lga_pid`,`product_id`,`is_accepted`) VALUES ('VIC183','10','0'); 
INSERT INTO lga_product (`lga_pid`,`product_id`,`is_accepted`) VALUES ('VIC183','9','0'); 
INSERT INTO lga_product (`lga_pid`,`product_id`,`is_accepted`) VALUES ('VIC183','8','0'); 
INSERT INTO lga_product (`lga_pid`,`product_id`,`is_accepted`) VALUES ('VIC183','7','1'); 
INSERT INTO lga_product (`lga_pid`,`product_id`,`is_accepted`) VALUES ('VIC183','6','0'); 
INSERT INTO lga_product (`lga_pid`,`product_id`,`is_accepted`) VALUES ('VIC183','5','1'); 
INSERT INTO lga_product (`lga_pid`,`product_id`,`is_accepted`) VALUES ('VIC183','4','1'); 
INSERT INTO lga_product (`lga_pid`,`product_id`,`is_accepted`) VALUES ('VIC183','3','1'); 
INSERT INTO lga_product (`lga_pid`,`product_id`,`is_accepted`) VALUES ('VIC183','2','1'); 
INSERT INTO lga_product (`lga_pid`,`product_id`,`is_accepted`) VALUES ('VIC183','1','1'); 
INSERT INTO lga_product (`lga_pid`,`product_id`,`is_accepted`) VALUES ('VIC184','11','0'); 
INSERT INTO lga_product (`lga_pid`,`product_id`,`is_accepted`) VALUES ('VIC184','10','0'); 
INSERT INTO lga_product (`lga_pid`,`product_id`,`is_accepted`) VALUES ('VIC184','9','0'); 
INSERT INTO lga_product (`lga_pid`,`product_id`,`is_accepted`) VALUES ('VIC184','8','0'); 
INSERT INTO lga_product (`lga_pid`,`product_id`,`is_accepted`) VALUES ('VIC184','7','1'); 
INSERT INTO lga_product (`lga_pid`,`product_id`,`is_accepted`) VALUES ('VIC184','6','1'); 
INSERT INTO lga_product (`lga_pid`,`product_id`,`is_accepted`) VALUES ('VIC184','5','1'); 
INSERT INTO lga_product (`lga_pid`,`product_id`,`is_accepted`) VALUES ('VIC184','4','1'); 
INSERT INTO lga_product (`lga_pid`,`product_id`,`is_accepted`) VALUES ('VIC184','3','1'); 
INSERT INTO lga_product (`lga_pid`,`product_id`,`is_accepted`) VALUES ('VIC184','2','1'); 
INSERT INTO lga_product (`lga_pid`,`product_id`,`is_accepted`) VALUES ('VIC184','1','1'); 
INSERT INTO lga_product (`lga_pid`,`product_id`,`is_accepted`) VALUES ('VIC185','11','0'); 
INSERT INTO lga_product (`lga_pid`,`product_id`,`is_accepted`) VALUES ('VIC185','10','0'); 
INSERT INTO lga_product (`lga_pid`,`product_id`,`is_accepted`) VALUES ('VIC185','9','0'); 
INSERT INTO lga_product (`lga_pid`,`product_id`,`is_accepted`) VALUES ('VIC185','8','0'); 
INSERT INTO lga_product (`lga_pid`,`product_id`,`is_accepted`) VALUES ('VIC185','7','1'); 
INSERT INTO lga_product (`lga_pid`,`product_id`,`is_accepted`) VALUES ('VIC185','6','1'); 
INSERT INTO lga_product (`lga_pid`,`product_id`,`is_accepted`) VALUES ('VIC185','5','1'); 
INSERT INTO lga_product (`lga_pid`,`product_id`,`is_accepted`) VALUES ('VIC185','4','1'); 
INSERT INTO lga_product (`lga_pid`,`product_id`,`is_accepted`) VALUES ('VIC185','3','1'); 
INSERT INTO lga_product (`lga_pid`,`product_id`,`is_accepted`) VALUES ('VIC185','2','1'); 
INSERT INTO lga_product (`lga_pid`,`product_id`,`is_accepted`) VALUES ('VIC185','1','1'); 
INSERT INTO lga_product (`lga_pid`,`product_id`,`is_accepted`) VALUES ('VIC186','11','0'); 
INSERT INTO lga_product (`lga_pid`,`product_id`,`is_accepted`) VALUES ('VIC186','10','0'); 
INSERT INTO lga_product (`lga_pid`,`product_id`,`is_accepted`) VALUES ('VIC186','9','0'); 
INSERT INTO lga_product (`lga_pid`,`product_id`,`is_accepted`) VALUES ('VIC186','8','0'); 
INSERT INTO lga_product (`lga_pid`,`product_id`,`is_accepted`) VALUES ('VIC186','7','1'); 
INSERT INTO lga_product (`lga_pid`,`product_id`,`is_accepted`) VALUES ('VIC186','6','1'); 
INSERT INTO lga_product (`lga_pid`,`product_id`,`is_accepted`) VALUES ('VIC186','5','1'); 
INSERT INTO lga_product (`lga_pid`,`product_id`,`is_accepted`) VALUES ('VIC186','4','1'); 
INSERT INTO lga_product (`lga_pid`,`product_id`,`is_accepted`) VALUES ('VIC186','3','1'); 
INSERT INTO lga_product (`lga_pid`,`product_id`,`is_accepted`) VALUES ('VIC186','2','1'); 
INSERT INTO lga_product (`lga_pid`,`product_id`,`is_accepted`) VALUES ('VIC186','1','1'); 
INSERT INTO lga_product (`lga_pid`,`product_id`,`is_accepted`) VALUES ('VIC187','11','0'); 
INSERT INTO lga_product (`lga_pid`,`product_id`,`is_accepted`) VALUES ('VIC187','10','0'); 
INSERT INTO lga_product (`lga_pid`,`product_id`,`is_accepted`) VALUES ('VIC187','9','0'); 
INSERT INTO lga_product (`lga_pid`,`product_id`,`is_accepted`) VALUES ('VIC187','8','0'); 
INSERT INTO lga_product (`lga_pid`,`product_id`,`is_accepted`) VALUES ('VIC187','7','1'); 
INSERT INTO lga_product (`lga_pid`,`product_id`,`is_accepted`) VALUES ('VIC187','6','1'); 
INSERT INTO lga_product (`lga_pid`,`product_id`,`is_accepted`) VALUES ('VIC187','5','1'); 
INSERT INTO lga_product (`lga_pid`,`product_id`,`is_accepted`) VALUES ('VIC187','4','1'); 
INSERT INTO lga_product (`lga_pid`,`product_id`,`is_accepted`) VALUES ('VIC187','3','1'); 
INSERT INTO lga_product (`lga_pid`,`product_id`,`is_accepted`) VALUES ('VIC187','2','1'); 
INSERT INTO lga_product (`lga_pid`,`product_id`,`is_accepted`) VALUES ('VIC187','1','1'); 
INSERT INTO lga_product (`lga_pid`,`product_id`,`is_accepted`) VALUES ('VIC188','11','0'); 
INSERT INTO lga_product (`lga_pid`,`product_id`,`is_accepted`) VALUES ('VIC188','10','0'); 
INSERT INTO lga_product (`lga_pid`,`product_id`,`is_accepted`) VALUES ('VIC188','9','0'); 
INSERT INTO lga_product (`lga_pid`,`product_id`,`is_accepted`) VALUES ('VIC188','8','0'); 
INSERT INTO lga_product (`lga_pid`,`product_id`,`is_accepted`) VALUES ('VIC188','7','1'); 
INSERT INTO lga_product (`lga_pid`,`product_id`,`is_accepted`) VALUES ('VIC188','6','1'); 
INSERT INTO lga_product (`lga_pid`,`product_id`,`is_accepted`) VALUES ('VIC188','5','1'); 
INSERT INTO lga_product (`lga_pid`,`product_id`,`is_accepted`) VALUES ('VIC188','4','1'); 
INSERT INTO lga_product (`lga_pid`,`product_id`,`is_accepted`) VALUES ('VIC188','3','1'); 
INSERT INTO lga_product (`lga_pid`,`product_id`,`is_accepted`) VALUES ('VIC188','2','1'); 
INSERT INTO lga_product (`lga_pid`,`product_id`,`is_accepted`) VALUES ('VIC188','1','1'); 
INSERT INTO lga_product (`lga_pid`,`product_id`,`is_accepted`) VALUES ('VIC189','11','0'); 
INSERT INTO lga_product (`lga_pid`,`product_id`,`is_accepted`) VALUES ('VIC189','10','0'); 
INSERT INTO lga_product (`lga_pid`,`product_id`,`is_accepted`) VALUES ('VIC189','9','0'); 
INSERT INTO lga_product (`lga_pid`,`product_id`,`is_accepted`) VALUES ('VIC189','8','0'); 
INSERT INTO lga_product (`lga_pid`,`product_id`,`is_accepted`) VALUES ('VIC189','7','1'); 
INSERT INTO lga_product (`lga_pid`,`product_id`,`is_accepted`) VALUES ('VIC189','6','1'); 
INSERT INTO lga_product (`lga_pid`,`product_id`,`is_accepted`) VALUES ('VIC189','5','1'); 
INSERT INTO lga_product (`lga_pid`,`product_id`,`is_accepted`) VALUES ('VIC189','4','1'); 
INSERT INTO lga_product (`lga_pid`,`product_id`,`is_accepted`) VALUES ('VIC189','3','1'); 
INSERT INTO lga_product (`lga_pid`,`product_id`,`is_accepted`) VALUES ('VIC189','2','1'); 
INSERT INTO lga_product (`lga_pid`,`product_id`,`is_accepted`) VALUES ('VIC189','1','1'); 
INSERT INTO lga_product (`lga_pid`,`product_id`,`is_accepted`) VALUES ('VIC190','11','0'); 
INSERT INTO lga_product (`lga_pid`,`product_id`,`is_accepted`) VALUES ('VIC190','10','0'); 
INSERT INTO lga_product (`lga_pid`,`product_id`,`is_accepted`) VALUES ('VIC190','9','0'); 
INSERT INTO lga_product (`lga_pid`,`product_id`,`is_accepted`) VALUES ('VIC190','8','0'); 
INSERT INTO lga_product (`lga_pid`,`product_id`,`is_accepted`) VALUES ('VIC190','7','1'); 
INSERT INTO lga_product (`lga_pid`,`product_id`,`is_accepted`) VALUES ('VIC190','6','1'); 
INSERT INTO lga_product (`lga_pid`,`product_id`,`is_accepted`) VALUES ('VIC190','5','0'); 
INSERT INTO lga_product (`lga_pid`,`product_id`,`is_accepted`) VALUES ('VIC190','4','1'); 
INSERT INTO lga_product (`lga_pid`,`product_id`,`is_accepted`) VALUES ('VIC190','3','1'); 
INSERT INTO lga_product (`lga_pid`,`product_id`,`is_accepted`) VALUES ('VIC190','2','1'); 
INSERT INTO lga_product (`lga_pid`,`product_id`,`is_accepted`) VALUES ('VIC190','1','1'); 
INSERT INTO lga_product (`lga_pid`,`product_id`,`is_accepted`) VALUES ('VIC191','11','1'); 
INSERT INTO lga_product (`lga_pid`,`product_id`,`is_accepted`) VALUES ('VIC191','10','0'); 
INSERT INTO lga_product (`lga_pid`,`product_id`,`is_accepted`) VALUES ('VIC191','9','0'); 
INSERT INTO lga_product (`lga_pid`,`product_id`,`is_accepted`) VALUES ('VIC191','8','0'); 
INSERT INTO lga_product (`lga_pid`,`product_id`,`is_accepted`) VALUES ('VIC191','7','1'); 
INSERT INTO lga_product (`lga_pid`,`product_id`,`is_accepted`) VALUES ('VIC191','6','1'); 
INSERT INTO lga_product (`lga_pid`,`product_id`,`is_accepted`) VALUES ('VIC191','5','1'); 
INSERT INTO lga_product (`lga_pid`,`product_id`,`is_accepted`) VALUES ('VIC191','4','1'); 
INSERT INTO lga_product (`lga_pid`,`product_id`,`is_accepted`) VALUES ('VIC191','3','1'); 
INSERT INTO lga_product (`lga_pid`,`product_id`,`is_accepted`) VALUES ('VIC191','2','1'); 
INSERT INTO lga_product (`lga_pid`,`product_id`,`is_accepted`) VALUES ('VIC191','1','1'); 
INSERT INTO lga_product (`lga_pid`,`product_id`,`is_accepted`) VALUES ('VIC192','11','0'); 
INSERT INTO lga_product (`lga_pid`,`product_id`,`is_accepted`) VALUES ('VIC192','10','0'); 
INSERT INTO lga_product (`lga_pid`,`product_id`,`is_accepted`) VALUES ('VIC192','9','0'); 
INSERT INTO lga_product (`lga_pid`,`product_id`,`is_accepted`) VALUES ('VIC192','8','0'); 
INSERT INTO lga_product (`lga_pid`,`product_id`,`is_accepted`) VALUES ('VIC192','7','1'); 
INSERT INTO lga_product (`lga_pid`,`product_id`,`is_accepted`) VALUES ('VIC192','6','1'); 
INSERT INTO lga_product (`lga_pid`,`product_id`,`is_accepted`) VALUES ('VIC192','5','1'); 
INSERT INTO lga_product (`lga_pid`,`product_id`,`is_accepted`) VALUES ('VIC192','4','1'); 
INSERT INTO lga_product (`lga_pid`,`product_id`,`is_accepted`) VALUES ('VIC192','3','1'); 
INSERT INTO lga_product (`lga_pid`,`product_id`,`is_accepted`) VALUES ('VIC192','2','1'); 
INSERT INTO lga_product (`lga_pid`,`product_id`,`is_accepted`) VALUES ('VIC192','1','1'); 
INSERT INTO lga_product (`lga_pid`,`product_id`,`is_accepted`) VALUES ('VIC193','11','1'); 
INSERT INTO lga_product (`lga_pid`,`product_id`,`is_accepted`) VALUES ('VIC193','10','0'); 
INSERT INTO lga_product (`lga_pid`,`product_id`,`is_accepted`) VALUES ('VIC193','9','0'); 
INSERT INTO lga_product (`lga_pid`,`product_id`,`is_accepted`) VALUES ('VIC193','8','0'); 
INSERT INTO lga_product (`lga_pid`,`product_id`,`is_accepted`) VALUES ('VIC193','7','1'); 
INSERT INTO lga_product (`lga_pid`,`product_id`,`is_accepted`) VALUES ('VIC193','6','1'); 
INSERT INTO lga_product (`lga_pid`,`product_id`,`is_accepted`) VALUES ('VIC193','5','1'); 
INSERT INTO lga_product (`lga_pid`,`product_id`,`is_accepted`) VALUES ('VIC193','4','1'); 
INSERT INTO lga_product (`lga_pid`,`product_id`,`is_accepted`) VALUES ('VIC193','3','1'); 
INSERT INTO lga_product (`lga_pid`,`product_id`,`is_accepted`) VALUES ('VIC193','2','1'); 
INSERT INTO lga_product (`lga_pid`,`product_id`,`is_accepted`) VALUES ('VIC193','1','1'); 
INSERT INTO lga_product (`lga_pid`,`product_id`,`is_accepted`) VALUES ('VIC194','11','0'); 
INSERT INTO lga_product (`lga_pid`,`product_id`,`is_accepted`) VALUES ('VIC194','10','0'); 
INSERT INTO lga_product (`lga_pid`,`product_id`,`is_accepted`) VALUES ('VIC194','9','0'); 
INSERT INTO lga_product (`lga_pid`,`product_id`,`is_accepted`) VALUES ('VIC194','8','0'); 
INSERT INTO lga_product (`lga_pid`,`product_id`,`is_accepted`) VALUES ('VIC194','7','1'); 
INSERT INTO lga_product (`lga_pid`,`product_id`,`is_accepted`) VALUES ('VIC194','6','1'); 
INSERT INTO lga_product (`lga_pid`,`product_id`,`is_accepted`) VALUES ('VIC194','5','1'); 
INSERT INTO lga_product (`lga_pid`,`product_id`,`is_accepted`) VALUES ('VIC194','4','1'); 
INSERT INTO lga_product (`lga_pid`,`product_id`,`is_accepted`) VALUES ('VIC194','3','1'); 
INSERT INTO lga_product (`lga_pid`,`product_id`,`is_accepted`) VALUES ('VIC194','2','1'); 
INSERT INTO lga_product (`lga_pid`,`product_id`,`is_accepted`) VALUES ('VIC194','1','1'); 
INSERT INTO lga_product (`lga_pid`,`product_id`,`is_accepted`) VALUES ('VIC195','11','1'); 
INSERT INTO lga_product (`lga_pid`,`product_id`,`is_accepted`) VALUES ('VIC195','10','0'); 
INSERT INTO lga_product (`lga_pid`,`product_id`,`is_accepted`) VALUES ('VIC195','9','0'); 
INSERT INTO lga_product (`lga_pid`,`product_id`,`is_accepted`) VALUES ('VIC195','8','0'); 
INSERT INTO lga_product (`lga_pid`,`product_id`,`is_accepted`) VALUES ('VIC195','7','1'); 
INSERT INTO lga_product (`lga_pid`,`product_id`,`is_accepted`) VALUES ('VIC195','6','1'); 
INSERT INTO lga_product (`lga_pid`,`product_id`,`is_accepted`) VALUES ('VIC195','5','1'); 
INSERT INTO lga_product (`lga_pid`,`product_id`,`is_accepted`) VALUES ('VIC195','4','1'); 
INSERT INTO lga_product (`lga_pid`,`product_id`,`is_accepted`) VALUES ('VIC195','3','1'); 
INSERT INTO lga_product (`lga_pid`,`product_id`,`is_accepted`) VALUES ('VIC195','2','1'); 
INSERT INTO lga_product (`lga_pid`,`product_id`,`is_accepted`) VALUES ('VIC195','1','1'); 
INSERT INTO lga_product (`lga_pid`,`product_id`,`is_accepted`) VALUES ('VIC196','11','1'); 
INSERT INTO lga_product (`lga_pid`,`product_id`,`is_accepted`) VALUES ('VIC196','10','0'); 
INSERT INTO lga_product (`lga_pid`,`product_id`,`is_accepted`) VALUES ('VIC196','9','0'); 
INSERT INTO lga_product (`lga_pid`,`product_id`,`is_accepted`) VALUES ('VIC196','8','0'); 
INSERT INTO lga_product (`lga_pid`,`product_id`,`is_accepted`) VALUES ('VIC196','7','1'); 
INSERT INTO lga_product (`lga_pid`,`product_id`,`is_accepted`) VALUES ('VIC196','6','1'); 
INSERT INTO lga_product (`lga_pid`,`product_id`,`is_accepted`) VALUES ('VIC196','5','1'); 
INSERT INTO lga_product (`lga_pid`,`product_id`,`is_accepted`) VALUES ('VIC196','4','1'); 
INSERT INTO lga_product (`lga_pid`,`product_id`,`is_accepted`) VALUES ('VIC196','3','1'); 
INSERT INTO lga_product (`lga_pid`,`product_id`,`is_accepted`) VALUES ('VIC196','2','1'); 
INSERT INTO lga_product (`lga_pid`,`product_id`,`is_accepted`) VALUES ('VIC196','1','1'); 
INSERT INTO lga_product (`lga_pid`,`product_id`,`is_accepted`) VALUES ('VIC197','11','0'); 
INSERT INTO lga_product (`lga_pid`,`product_id`,`is_accepted`) VALUES ('VIC197','10','0'); 
INSERT INTO lga_product (`lga_pid`,`product_id`,`is_accepted`) VALUES ('VIC197','9','0'); 
INSERT INTO lga_product (`lga_pid`,`product_id`,`is_accepted`) VALUES ('VIC197','8','0'); 
INSERT INTO lga_product (`lga_pid`,`product_id`,`is_accepted`) VALUES ('VIC197','7','1'); 
INSERT INTO lga_product (`lga_pid`,`product_id`,`is_accepted`) VALUES ('VIC197','6','0'); 
INSERT INTO lga_product (`lga_pid`,`product_id`,`is_accepted`) VALUES ('VIC197','5','1'); 
INSERT INTO lga_product (`lga_pid`,`product_id`,`is_accepted`) VALUES ('VIC197','4','1'); 
INSERT INTO lga_product (`lga_pid`,`product_id`,`is_accepted`) VALUES ('VIC197','3','1'); 
INSERT INTO lga_product (`lga_pid`,`product_id`,`is_accepted`) VALUES ('VIC197','2','1'); 
INSERT INTO lga_product (`lga_pid`,`product_id`,`is_accepted`) VALUES ('VIC197','1','1'); 
INSERT INTO lga_product (`lga_pid`,`product_id`,`is_accepted`) VALUES ('VIC198','11','0'); 
INSERT INTO lga_product (`lga_pid`,`product_id`,`is_accepted`) VALUES ('VIC198','10','0'); 
INSERT INTO lga_product (`lga_pid`,`product_id`,`is_accepted`) VALUES ('VIC198','9','0'); 
INSERT INTO lga_product (`lga_pid`,`product_id`,`is_accepted`) VALUES ('VIC198','8','0'); 
INSERT INTO lga_product (`lga_pid`,`product_id`,`is_accepted`) VALUES ('VIC198','7','1'); 
INSERT INTO lga_product (`lga_pid`,`product_id`,`is_accepted`) VALUES ('VIC198','6','1'); 
INSERT INTO lga_product (`lga_pid`,`product_id`,`is_accepted`) VALUES ('VIC198','5','1'); 
INSERT INTO lga_product (`lga_pid`,`product_id`,`is_accepted`) VALUES ('VIC198','4','1'); 
INSERT INTO lga_product (`lga_pid`,`product_id`,`is_accepted`) VALUES ('VIC198','3','1'); 
INSERT INTO lga_product (`lga_pid`,`product_id`,`is_accepted`) VALUES ('VIC198','2','1'); 
INSERT INTO lga_product (`lga_pid`,`product_id`,`is_accepted`) VALUES ('VIC198','1','1'); 
INSERT INTO lga_product (`lga_pid`,`product_id`,`is_accepted`) VALUES ('VIC199','11','0'); 
INSERT INTO lga_product (`lga_pid`,`product_id`,`is_accepted`) VALUES ('VIC199','10','0'); 
INSERT INTO lga_product (`lga_pid`,`product_id`,`is_accepted`) VALUES ('VIC199','9','0'); 
INSERT INTO lga_product (`lga_pid`,`product_id`,`is_accepted`) VALUES ('VIC199','8','0'); 
INSERT INTO lga_product (`lga_pid`,`product_id`,`is_accepted`) VALUES ('VIC199','7','1'); 
INSERT INTO lga_product (`lga_pid`,`product_id`,`is_accepted`) VALUES ('VIC199','6','1'); 
INSERT INTO lga_product (`lga_pid`,`product_id`,`is_accepted`) VALUES ('VIC199','5','1'); 
INSERT INTO lga_product (`lga_pid`,`product_id`,`is_accepted`) VALUES ('VIC199','4','1'); 
INSERT INTO lga_product (`lga_pid`,`product_id`,`is_accepted`) VALUES ('VIC199','3','1'); 
INSERT INTO lga_product (`lga_pid`,`product_id`,`is_accepted`) VALUES ('VIC199','2','1'); 
INSERT INTO lga_product (`lga_pid`,`product_id`,`is_accepted`) VALUES ('VIC199','1','1'); 
INSERT INTO lga_product (`lga_pid`,`product_id`,`is_accepted`) VALUES ('VIC200','11','0'); 
INSERT INTO lga_product (`lga_pid`,`product_id`,`is_accepted`) VALUES ('VIC200','10','0'); 
INSERT INTO lga_product (`lga_pid`,`product_id`,`is_accepted`) VALUES ('VIC200','9','0'); 
INSERT INTO lga_product (`lga_pid`,`product_id`,`is_accepted`) VALUES ('VIC200','8','0'); 
INSERT INTO lga_product (`lga_pid`,`product_id`,`is_accepted`) VALUES ('VIC200','7','1'); 
INSERT INTO lga_product (`lga_pid`,`product_id`,`is_accepted`) VALUES ('VIC200','6','1'); 
INSERT INTO lga_product (`lga_pid`,`product_id`,`is_accepted`) VALUES ('VIC200','5','1'); 
INSERT INTO lga_product (`lga_pid`,`product_id`,`is_accepted`) VALUES ('VIC200','4','1'); 
INSERT INTO lga_product (`lga_pid`,`product_id`,`is_accepted`) VALUES ('VIC200','3','1'); 
INSERT INTO lga_product (`lga_pid`,`product_id`,`is_accepted`) VALUES ('VIC200','2','1'); 
INSERT INTO lga_product (`lga_pid`,`product_id`,`is_accepted`) VALUES ('VIC200','1','1'); 
INSERT INTO lga_product (`lga_pid`,`product_id`,`is_accepted`) VALUES ('VIC201','11','1'); 
INSERT INTO lga_product (`lga_pid`,`product_id`,`is_accepted`) VALUES ('VIC201','10','0'); 
INSERT INTO lga_product (`lga_pid`,`product_id`,`is_accepted`) VALUES ('VIC201','9','0'); 
INSERT INTO lga_product (`lga_pid`,`product_id`,`is_accepted`) VALUES ('VIC201','8','1'); 
INSERT INTO lga_product (`lga_pid`,`product_id`,`is_accepted`) VALUES ('VIC201','7','1'); 
INSERT INTO lga_product (`lga_pid`,`product_id`,`is_accepted`) VALUES ('VIC201','6','1'); 
INSERT INTO lga_product (`lga_pid`,`product_id`,`is_accepted`) VALUES ('VIC201','5','1'); 
INSERT INTO lga_product (`lga_pid`,`product_id`,`is_accepted`) VALUES ('VIC201','4','1'); 
INSERT INTO lga_product (`lga_pid`,`product_id`,`is_accepted`) VALUES ('VIC201','3','1'); 
INSERT INTO lga_product (`lga_pid`,`product_id`,`is_accepted`) VALUES ('VIC201','2','1'); 
INSERT INTO lga_product (`lga_pid`,`product_id`,`is_accepted`) VALUES ('VIC201','1','1'); 
INSERT INTO lga_product (`lga_pid`,`product_id`,`is_accepted`) VALUES ('VIC202','11','0'); 
INSERT INTO lga_product (`lga_pid`,`product_id`,`is_accepted`) VALUES ('VIC202','10','0'); 
INSERT INTO lga_product (`lga_pid`,`product_id`,`is_accepted`) VALUES ('VIC202','9','0'); 
INSERT INTO lga_product (`lga_pid`,`product_id`,`is_accepted`) VALUES ('VIC202','8','0'); 
INSERT INTO lga_product (`lga_pid`,`product_id`,`is_accepted`) VALUES ('VIC202','7','1'); 
INSERT INTO lga_product (`lga_pid`,`product_id`,`is_accepted`) VALUES ('VIC202','6','1'); 
INSERT INTO lga_product (`lga_pid`,`product_id`,`is_accepted`) VALUES ('VIC202','5','1'); 
INSERT INTO lga_product (`lga_pid`,`product_id`,`is_accepted`) VALUES ('VIC202','4','1'); 
INSERT INTO lga_product (`lga_pid`,`product_id`,`is_accepted`) VALUES ('VIC202','3','1'); 
INSERT INTO lga_product (`lga_pid`,`product_id`,`is_accepted`) VALUES ('VIC202','2','1'); 
INSERT INTO lga_product (`lga_pid`,`product_id`,`is_accepted`) VALUES ('VIC202','1','1'); 
INSERT INTO lga_product (`lga_pid`,`product_id`,`is_accepted`) VALUES ('VIC203','11','0'); 
INSERT INTO lga_product (`lga_pid`,`product_id`,`is_accepted`) VALUES ('VIC203','10','0'); 
INSERT INTO lga_product (`lga_pid`,`product_id`,`is_accepted`) VALUES ('VIC203','9','0'); 
INSERT INTO lga_product (`lga_pid`,`product_id`,`is_accepted`) VALUES ('VIC203','8','0'); 
INSERT INTO lga_product (`lga_pid`,`product_id`,`is_accepted`) VALUES ('VIC203','7','1'); 
INSERT INTO lga_product (`lga_pid`,`product_id`,`is_accepted`) VALUES ('VIC203','6','1'); 
INSERT INTO lga_product (`lga_pid`,`product_id`,`is_accepted`) VALUES ('VIC203','5','1'); 
INSERT INTO lga_product (`lga_pid`,`product_id`,`is_accepted`) VALUES ('VIC203','4','1'); 
INSERT INTO lga_product (`lga_pid`,`product_id`,`is_accepted`) VALUES ('VIC203','3','1'); 
INSERT INTO lga_product (`lga_pid`,`product_id`,`is_accepted`) VALUES ('VIC203','2','1'); 
INSERT INTO lga_product (`lga_pid`,`product_id`,`is_accepted`) VALUES ('VIC203','1','1'); 
INSERT INTO lga_product (`lga_pid`,`product_id`,`is_accepted`) VALUES ('VIC204','11','0'); 
INSERT INTO lga_product (`lga_pid`,`product_id`,`is_accepted`) VALUES ('VIC204','10','0'); 
INSERT INTO lga_product (`lga_pid`,`product_id`,`is_accepted`) VALUES ('VIC204','9','0'); 
INSERT INTO lga_product (`lga_pid`,`product_id`,`is_accepted`) VALUES ('VIC204','8','0'); 
INSERT INTO lga_product (`lga_pid`,`product_id`,`is_accepted`) VALUES ('VIC204','7','1'); 
INSERT INTO lga_product (`lga_pid`,`product_id`,`is_accepted`) VALUES ('VIC204','6','1'); 
INSERT INTO lga_product (`lga_pid`,`product_id`,`is_accepted`) VALUES ('VIC204','5','1'); 
INSERT INTO lga_product (`lga_pid`,`product_id`,`is_accepted`) VALUES ('VIC204','4','1'); 
INSERT INTO lga_product (`lga_pid`,`product_id`,`is_accepted`) VALUES ('VIC204','3','1'); 
INSERT INTO lga_product (`lga_pid`,`product_id`,`is_accepted`) VALUES ('VIC204','2','1'); 
INSERT INTO lga_product (`lga_pid`,`product_id`,`is_accepted`) VALUES ('VIC204','1','1'); 
INSERT INTO lga_product (`lga_pid`,`product_id`,`is_accepted`) VALUES ('VIC205','11','0'); 
INSERT INTO lga_product (`lga_pid`,`product_id`,`is_accepted`) VALUES ('VIC205','10','0'); 
INSERT INTO lga_product (`lga_pid`,`product_id`,`is_accepted`) VALUES ('VIC205','9','0'); 
INSERT INTO lga_product (`lga_pid`,`product_id`,`is_accepted`) VALUES ('VIC205','8','0'); 
INSERT INTO lga_product (`lga_pid`,`product_id`,`is_accepted`) VALUES ('VIC205','7','1'); 
INSERT INTO lga_product (`lga_pid`,`product_id`,`is_accepted`) VALUES ('VIC205','6','1'); 
INSERT INTO lga_product (`lga_pid`,`product_id`,`is_accepted`) VALUES ('VIC205','5','1'); 
INSERT INTO lga_product (`lga_pid`,`product_id`,`is_accepted`) VALUES ('VIC205','4','1'); 
INSERT INTO lga_product (`lga_pid`,`product_id`,`is_accepted`) VALUES ('VIC205','3','1'); 
INSERT INTO lga_product (`lga_pid`,`product_id`,`is_accepted`) VALUES ('VIC205','2','1'); 
INSERT INTO lga_product (`lga_pid`,`product_id`,`is_accepted`) VALUES ('VIC205','1','1'); 
INSERT INTO lga_product (`lga_pid`,`product_id`,`is_accepted`) VALUES ('VIC206','11','0'); 
INSERT INTO lga_product (`lga_pid`,`product_id`,`is_accepted`) VALUES ('VIC206','10','0'); 
INSERT INTO lga_product (`lga_pid`,`product_id`,`is_accepted`) VALUES ('VIC206','9','0'); 
INSERT INTO lga_product (`lga_pid`,`product_id`,`is_accepted`) VALUES ('VIC206','8','0'); 
INSERT INTO lga_product (`lga_pid`,`product_id`,`is_accepted`) VALUES ('VIC206','7','1'); 
INSERT INTO lga_product (`lga_pid`,`product_id`,`is_accepted`) VALUES ('VIC206','6','1'); 
INSERT INTO lga_product (`lga_pid`,`product_id`,`is_accepted`) VALUES ('VIC206','5','1'); 
INSERT INTO lga_product (`lga_pid`,`product_id`,`is_accepted`) VALUES ('VIC206','4','1'); 
INSERT INTO lga_product (`lga_pid`,`product_id`,`is_accepted`) VALUES ('VIC206','3','1'); 
INSERT INTO lga_product (`lga_pid`,`product_id`,`is_accepted`) VALUES ('VIC206','2','1'); 
INSERT INTO lga_product (`lga_pid`,`product_id`,`is_accepted`) VALUES ('VIC206','1','1'); 
INSERT INTO lga_product (`lga_pid`,`product_id`,`is_accepted`) VALUES ('VIC207','11','0'); 
INSERT INTO lga_product (`lga_pid`,`product_id`,`is_accepted`) VALUES ('VIC207','10','0'); 
INSERT INTO lga_product (`lga_pid`,`product_id`,`is_accepted`) VALUES ('VIC207','9','0'); 
INSERT INTO lga_product (`lga_pid`,`product_id`,`is_accepted`) VALUES ('VIC207','8','0'); 
INSERT INTO lga_product (`lga_pid`,`product_id`,`is_accepted`) VALUES ('VIC207','7','1'); 
INSERT INTO lga_product (`lga_pid`,`product_id`,`is_accepted`) VALUES ('VIC207','6','1'); 
INSERT INTO lga_product (`lga_pid`,`product_id`,`is_accepted`) VALUES ('VIC207','5','1'); 
INSERT INTO lga_product (`lga_pid`,`product_id`,`is_accepted`) VALUES ('VIC207','4','1'); 
INSERT INTO lga_product (`lga_pid`,`product_id`,`is_accepted`) VALUES ('VIC207','3','1'); 
INSERT INTO lga_product (`lga_pid`,`product_id`,`is_accepted`) VALUES ('VIC207','2','1'); 
INSERT INTO lga_product (`lga_pid`,`product_id`,`is_accepted`) VALUES ('VIC207','1','1'); 
INSERT INTO lga_product (`lga_pid`,`product_id`,`is_accepted`) VALUES ('VIC208','11','0'); 
INSERT INTO lga_product (`lga_pid`,`product_id`,`is_accepted`) VALUES ('VIC208','10','0'); 
INSERT INTO lga_product (`lga_pid`,`product_id`,`is_accepted`) VALUES ('VIC208','9','0'); 
INSERT INTO lga_product (`lga_pid`,`product_id`,`is_accepted`) VALUES ('VIC208','8','0'); 
INSERT INTO lga_product (`lga_pid`,`product_id`,`is_accepted`) VALUES ('VIC208','7','1'); 
INSERT INTO lga_product (`lga_pid`,`product_id`,`is_accepted`) VALUES ('VIC208','6','0'); 
INSERT INTO lga_product (`lga_pid`,`product_id`,`is_accepted`) VALUES ('VIC208','5','1'); 
INSERT INTO lga_product (`lga_pid`,`product_id`,`is_accepted`) VALUES ('VIC208','4','1'); 
INSERT INTO lga_product (`lga_pid`,`product_id`,`is_accepted`) VALUES ('VIC208','3','1'); 
INSERT INTO lga_product (`lga_pid`,`product_id`,`is_accepted`) VALUES ('VIC208','2','1'); 
INSERT INTO lga_product (`lga_pid`,`product_id`,`is_accepted`) VALUES ('VIC208','1','1'); 
INSERT INTO lga_product (`lga_pid`,`product_id`,`is_accepted`) VALUES ('VIC209','11','0'); 
INSERT INTO lga_product (`lga_pid`,`product_id`,`is_accepted`) VALUES ('VIC209','10','0'); 
INSERT INTO lga_product (`lga_pid`,`product_id`,`is_accepted`) VALUES ('VIC209','9','0'); 
INSERT INTO lga_product (`lga_pid`,`product_id`,`is_accepted`) VALUES ('VIC209','8','0'); 
INSERT INTO lga_product (`lga_pid`,`product_id`,`is_accepted`) VALUES ('VIC209','7','1'); 
INSERT INTO lga_product (`lga_pid`,`product_id`,`is_accepted`) VALUES ('VIC209','6','1'); 
INSERT INTO lga_product (`lga_pid`,`product_id`,`is_accepted`) VALUES ('VIC209','5','1'); 
INSERT INTO lga_product (`lga_pid`,`product_id`,`is_accepted`) VALUES ('VIC209','4','1'); 
INSERT INTO lga_product (`lga_pid`,`product_id`,`is_accepted`) VALUES ('VIC209','3','1'); 
INSERT INTO lga_product (`lga_pid`,`product_id`,`is_accepted`) VALUES ('VIC209','2','1'); 
INSERT INTO lga_product (`lga_pid`,`product_id`,`is_accepted`) VALUES ('VIC209','1','0'); 
INSERT INTO lga_product (`lga_pid`,`product_id`,`is_accepted`) VALUES ('VIC210','11','0'); 
INSERT INTO lga_product (`lga_pid`,`product_id`,`is_accepted`) VALUES ('VIC210','10','0'); 
INSERT INTO lga_product (`lga_pid`,`product_id`,`is_accepted`) VALUES ('VIC210','9','0'); 
INSERT INTO lga_product (`lga_pid`,`product_id`,`is_accepted`) VALUES ('VIC210','8','0'); 
INSERT INTO lga_product (`lga_pid`,`product_id`,`is_accepted`) VALUES ('VIC210','7','1'); 
INSERT INTO lga_product (`lga_pid`,`product_id`,`is_accepted`) VALUES ('VIC210','6','1'); 
INSERT INTO lga_product (`lga_pid`,`product_id`,`is_accepted`) VALUES ('VIC210','5','1'); 
INSERT INTO lga_product (`lga_pid`,`product_id`,`is_accepted`) VALUES ('VIC210','4','1'); 
INSERT INTO lga_product (`lga_pid`,`product_id`,`is_accepted`) VALUES ('VIC210','3','1'); 
INSERT INTO lga_product (`lga_pid`,`product_id`,`is_accepted`) VALUES ('VIC210','2','1'); 
INSERT INTO lga_product (`lga_pid`,`product_id`,`is_accepted`) VALUES ('VIC210','1','1'); 
INSERT INTO lga_product (`lga_pid`,`product_id`,`is_accepted`) VALUES ('VIC211','11','0'); 
INSERT INTO lga_product (`lga_pid`,`product_id`,`is_accepted`) VALUES ('VIC211','10','0'); 
INSERT INTO lga_product (`lga_pid`,`product_id`,`is_accepted`) VALUES ('VIC211','9','0'); 
INSERT INTO lga_product (`lga_pid`,`product_id`,`is_accepted`) VALUES ('VIC211','8','0'); 
INSERT INTO lga_product (`lga_pid`,`product_id`,`is_accepted`) VALUES ('VIC211','7','1'); 
INSERT INTO lga_product (`lga_pid`,`product_id`,`is_accepted`) VALUES ('VIC211','6','1'); 
INSERT INTO lga_product (`lga_pid`,`product_id`,`is_accepted`) VALUES ('VIC211','5','1'); 
INSERT INTO lga_product (`lga_pid`,`product_id`,`is_accepted`) VALUES ('VIC211','4','1'); 
INSERT INTO lga_product (`lga_pid`,`product_id`,`is_accepted`) VALUES ('VIC211','3','1'); 
INSERT INTO lga_product (`lga_pid`,`product_id`,`is_accepted`) VALUES ('VIC211','2','1'); 
INSERT INTO lga_product (`lga_pid`,`product_id`,`is_accepted`) VALUES ('VIC211','1','1'); 
INSERT INTO lga_product (`lga_pid`,`product_id`,`is_accepted`) VALUES ('VIC212','11','1'); 
INSERT INTO lga_product (`lga_pid`,`product_id`,`is_accepted`) VALUES ('VIC212','10','1'); 
INSERT INTO lga_product (`lga_pid`,`product_id`,`is_accepted`) VALUES ('VIC212','9','1'); 
INSERT INTO lga_product (`lga_pid`,`product_id`,`is_accepted`) VALUES ('VIC212','8','0'); 
INSERT INTO lga_product (`lga_pid`,`product_id`,`is_accepted`) VALUES ('VIC212','7','1'); 
INSERT INTO lga_product (`lga_pid`,`product_id`,`is_accepted`) VALUES ('VIC212','6','1'); 
INSERT INTO lga_product (`lga_pid`,`product_id`,`is_accepted`) VALUES ('VIC212','5','1'); 
INSERT INTO lga_product (`lga_pid`,`product_id`,`is_accepted`) VALUES ('VIC212','4','1'); 
INSERT INTO lga_product (`lga_pid`,`product_id`,`is_accepted`) VALUES ('VIC212','3','1'); 
INSERT INTO lga_product (`lga_pid`,`product_id`,`is_accepted`) VALUES ('VIC212','2','1'); 
INSERT INTO lga_product (`lga_pid`,`product_id`,`is_accepted`) VALUES ('VIC212','1','1'); 
INSERT INTO lga_product (`lga_pid`,`product_id`,`is_accepted`) VALUES ('VIC213','11','0'); 
INSERT INTO lga_product (`lga_pid`,`product_id`,`is_accepted`) VALUES ('VIC213','10','0'); 
INSERT INTO lga_product (`lga_pid`,`product_id`,`is_accepted`) VALUES ('VIC213','9','0'); 
INSERT INTO lga_product (`lga_pid`,`product_id`,`is_accepted`) VALUES ('VIC213','8','0'); 
INSERT INTO lga_product (`lga_pid`,`product_id`,`is_accepted`) VALUES ('VIC213','7','1'); 
INSERT INTO lga_product (`lga_pid`,`product_id`,`is_accepted`) VALUES ('VIC213','6','1'); 
INSERT INTO lga_product (`lga_pid`,`product_id`,`is_accepted`) VALUES ('VIC213','5','1'); 
INSERT INTO lga_product (`lga_pid`,`product_id`,`is_accepted`) VALUES ('VIC213','4','1'); 
INSERT INTO lga_product (`lga_pid`,`product_id`,`is_accepted`) VALUES ('VIC213','3','1'); 
INSERT INTO lga_product (`lga_pid`,`product_id`,`is_accepted`) VALUES ('VIC213','2','1'); 
INSERT INTO lga_product (`lga_pid`,`product_id`,`is_accepted`) VALUES ('VIC213','1','1'); 
INSERT INTO lga_product (`lga_pid`,`product_id`,`is_accepted`) VALUES ('VIC214','11','0'); 
INSERT INTO lga_product (`lga_pid`,`product_id`,`is_accepted`) VALUES ('VIC214','10','0'); 
INSERT INTO lga_product (`lga_pid`,`product_id`,`is_accepted`) VALUES ('VIC214','9','0'); 
INSERT INTO lga_product (`lga_pid`,`product_id`,`is_accepted`) VALUES ('VIC214','8','0'); 
INSERT INTO lga_product (`lga_pid`,`product_id`,`is_accepted`) VALUES ('VIC214','7','1'); 
INSERT INTO lga_product (`lga_pid`,`product_id`,`is_accepted`) VALUES ('VIC214','6','1'); 
INSERT INTO lga_product (`lga_pid`,`product_id`,`is_accepted`) VALUES ('VIC214','5','1'); 
INSERT INTO lga_product (`lga_pid`,`product_id`,`is_accepted`) VALUES ('VIC214','4','1'); 
INSERT INTO lga_product (`lga_pid`,`product_id`,`is_accepted`) VALUES ('VIC214','3','1'); 
INSERT INTO lga_product (`lga_pid`,`product_id`,`is_accepted`) VALUES ('VIC214','2','1'); 
INSERT INTO lga_product (`lga_pid`,`product_id`,`is_accepted`) VALUES ('VIC214','1','1'); 
INSERT INTO lga_product (`lga_pid`,`product_id`,`is_accepted`) VALUES ('VIC215','11','0'); 
INSERT INTO lga_product (`lga_pid`,`product_id`,`is_accepted`) VALUES ('VIC215','10','0'); 
INSERT INTO lga_product (`lga_pid`,`product_id`,`is_accepted`) VALUES ('VIC215','9','0'); 
INSERT INTO lga_product (`lga_pid`,`product_id`,`is_accepted`) VALUES ('VIC215','8','0'); 
INSERT INTO lga_product (`lga_pid`,`product_id`,`is_accepted`) VALUES ('VIC215','7','1'); 
INSERT INTO lga_product (`lga_pid`,`product_id`,`is_accepted`) VALUES ('VIC215','6','1'); 
INSERT INTO lga_product (`lga_pid`,`product_id`,`is_accepted`) VALUES ('VIC215','5','1'); 
INSERT INTO lga_product (`lga_pid`,`product_id`,`is_accepted`) VALUES ('VIC215','4','1'); 
INSERT INTO lga_product (`lga_pid`,`product_id`,`is_accepted`) VALUES ('VIC215','3','1'); 
INSERT INTO lga_product (`lga_pid`,`product_id`,`is_accepted`) VALUES ('VIC215','2','1'); 
INSERT INTO lga_product (`lga_pid`,`product_id`,`is_accepted`) VALUES ('VIC215','1','1'); 
INSERT INTO lga_product (`lga_pid`,`product_id`,`is_accepted`) VALUES ('VIC216','11','0'); 
INSERT INTO lga_product (`lga_pid`,`product_id`,`is_accepted`) VALUES ('VIC216','10','0'); 
INSERT INTO lga_product (`lga_pid`,`product_id`,`is_accepted`) VALUES ('VIC216','9','0'); 
INSERT INTO lga_product (`lga_pid`,`product_id`,`is_accepted`) VALUES ('VIC216','8','0'); 
INSERT INTO lga_product (`lga_pid`,`product_id`,`is_accepted`) VALUES ('VIC216','7','1'); 
INSERT INTO lga_product (`lga_pid`,`product_id`,`is_accepted`) VALUES ('VIC216','6','0'); 
INSERT INTO lga_product (`lga_pid`,`product_id`,`is_accepted`) VALUES ('VIC216','5','1'); 
INSERT INTO lga_product (`lga_pid`,`product_id`,`is_accepted`) VALUES ('VIC216','4','1'); 
INSERT INTO lga_product (`lga_pid`,`product_id`,`is_accepted`) VALUES ('VIC216','3','1'); 
INSERT INTO lga_product (`lga_pid`,`product_id`,`is_accepted`) VALUES ('VIC216','2','1'); 
INSERT INTO lga_product (`lga_pid`,`product_id`,`is_accepted`) VALUES ('VIC216','1','1'); 
INSERT INTO lga_product (`lga_pid`,`product_id`,`is_accepted`) VALUES ('VIC217','11','0'); 
INSERT INTO lga_product (`lga_pid`,`product_id`,`is_accepted`) VALUES ('VIC217','10','0'); 
INSERT INTO lga_product (`lga_pid`,`product_id`,`is_accepted`) VALUES ('VIC217','9','0'); 
INSERT INTO lga_product (`lga_pid`,`product_id`,`is_accepted`) VALUES ('VIC217','8','0'); 
INSERT INTO lga_product (`lga_pid`,`product_id`,`is_accepted`) VALUES ('VIC217','7','1'); 
INSERT INTO lga_product (`lga_pid`,`product_id`,`is_accepted`) VALUES ('VIC217','6','1'); 
INSERT INTO lga_product (`lga_pid`,`product_id`,`is_accepted`) VALUES ('VIC217','5','1'); 
INSERT INTO lga_product (`lga_pid`,`product_id`,`is_accepted`) VALUES ('VIC217','4','1'); 
INSERT INTO lga_product (`lga_pid`,`product_id`,`is_accepted`) VALUES ('VIC217','3','1'); 
INSERT INTO lga_product (`lga_pid`,`product_id`,`is_accepted`) VALUES ('VIC217','2','1'); 
INSERT INTO lga_product (`lga_pid`,`product_id`,`is_accepted`) VALUES ('VIC217','1','1'); 
INSERT INTO lga_product (`lga_pid`,`product_id`,`is_accepted`) VALUES ('VIC218','11','0'); 
INSERT INTO lga_product (`lga_pid`,`product_id`,`is_accepted`) VALUES ('VIC218','10','0'); 
INSERT INTO lga_product (`lga_pid`,`product_id`,`is_accepted`) VALUES ('VIC218','9','0'); 
INSERT INTO lga_product (`lga_pid`,`product_id`,`is_accepted`) VALUES ('VIC218','8','0'); 
INSERT INTO lga_product (`lga_pid`,`product_id`,`is_accepted`) VALUES ('VIC218','7','1'); 
INSERT INTO lga_product (`lga_pid`,`product_id`,`is_accepted`) VALUES ('VIC218','6','1'); 
INSERT INTO lga_product (`lga_pid`,`product_id`,`is_accepted`) VALUES ('VIC218','5','1'); 
INSERT INTO lga_product (`lga_pid`,`product_id`,`is_accepted`) VALUES ('VIC218','4','1'); 
INSERT INTO lga_product (`lga_pid`,`product_id`,`is_accepted`) VALUES ('VIC218','3','1'); 
INSERT INTO lga_product (`lga_pid`,`product_id`,`is_accepted`) VALUES ('VIC218','2','1'); 
INSERT INTO lga_product (`lga_pid`,`product_id`,`is_accepted`) VALUES ('VIC218','1','1'); 
INSERT INTO lga_product (`lga_pid`,`product_id`,`is_accepted`) VALUES ('VIC219','11','0'); 
INSERT INTO lga_product (`lga_pid`,`product_id`,`is_accepted`) VALUES ('VIC219','10','0'); 
INSERT INTO lga_product (`lga_pid`,`product_id`,`is_accepted`) VALUES ('VIC219','9','0'); 
INSERT INTO lga_product (`lga_pid`,`product_id`,`is_accepted`) VALUES ('VIC219','8','0'); 
INSERT INTO lga_product (`lga_pid`,`product_id`,`is_accepted`) VALUES ('VIC219','7','1'); 
INSERT INTO lga_product (`lga_pid`,`product_id`,`is_accepted`) VALUES ('VIC219','6','1'); 
INSERT INTO lga_product (`lga_pid`,`product_id`,`is_accepted`) VALUES ('VIC219','5','1'); 
INSERT INTO lga_product (`lga_pid`,`product_id`,`is_accepted`) VALUES ('VIC219','4','1'); 
INSERT INTO lga_product (`lga_pid`,`product_id`,`is_accepted`) VALUES ('VIC219','3','1'); 
INSERT INTO lga_product (`lga_pid`,`product_id`,`is_accepted`) VALUES ('VIC219','2','1'); 
INSERT INTO lga_product (`lga_pid`,`product_id`,`is_accepted`) VALUES ('VIC219','1','1'); 
INSERT INTO lga_product (`lga_pid`,`product_id`,`is_accepted`) VALUES ('VIC220','11','0'); 
INSERT INTO lga_product (`lga_pid`,`product_id`,`is_accepted`) VALUES ('VIC220','10','0'); 
INSERT INTO lga_product (`lga_pid`,`product_id`,`is_accepted`) VALUES ('VIC220','9','0'); 
INSERT INTO lga_product (`lga_pid`,`product_id`,`is_accepted`) VALUES ('VIC220','8','0'); 
INSERT INTO lga_product (`lga_pid`,`product_id`,`is_accepted`) VALUES ('VIC220','7','1'); 
INSERT INTO lga_product (`lga_pid`,`product_id`,`is_accepted`) VALUES ('VIC220','6','1'); 
INSERT INTO lga_product (`lga_pid`,`product_id`,`is_accepted`) VALUES ('VIC220','5','1'); 
INSERT INTO lga_product (`lga_pid`,`product_id`,`is_accepted`) VALUES ('VIC220','4','1'); 
INSERT INTO lga_product (`lga_pid`,`product_id`,`is_accepted`) VALUES ('VIC220','3','1'); 
INSERT INTO lga_product (`lga_pid`,`product_id`,`is_accepted`) VALUES ('VIC220','2','1'); 
INSERT INTO lga_product (`lga_pid`,`product_id`,`is_accepted`) VALUES ('VIC220','1','1'); 
INSERT INTO lga_product (`lga_pid`,`product_id`,`is_accepted`) VALUES ('VIC221','11','0'); 
INSERT INTO lga_product (`lga_pid`,`product_id`,`is_accepted`) VALUES ('VIC221','10','0'); 
INSERT INTO lga_product (`lga_pid`,`product_id`,`is_accepted`) VALUES ('VIC221','9','0'); 
INSERT INTO lga_product (`lga_pid`,`product_id`,`is_accepted`) VALUES ('VIC221','8','0'); 
INSERT INTO lga_product (`lga_pid`,`product_id`,`is_accepted`) VALUES ('VIC221','7','1'); 
INSERT INTO lga_product (`lga_pid`,`product_id`,`is_accepted`) VALUES ('VIC221','6','1'); 
INSERT INTO lga_product (`lga_pid`,`product_id`,`is_accepted`) VALUES ('VIC221','5','1'); 
INSERT INTO lga_product (`lga_pid`,`product_id`,`is_accepted`) VALUES ('VIC221','4','1'); 
INSERT INTO lga_product (`lga_pid`,`product_id`,`is_accepted`) VALUES ('VIC221','3','1'); 
INSERT INTO lga_product (`lga_pid`,`product_id`,`is_accepted`) VALUES ('VIC221','2','1'); 
INSERT INTO lga_product (`lga_pid`,`product_id`,`is_accepted`) VALUES ('VIC221','1','1'); 
INSERT INTO lga_product (`lga_pid`,`product_id`,`is_accepted`) VALUES ('VIC222','11','0'); 
INSERT INTO lga_product (`lga_pid`,`product_id`,`is_accepted`) VALUES ('VIC222','10','0'); 
INSERT INTO lga_product (`lga_pid`,`product_id`,`is_accepted`) VALUES ('VIC222','9','0'); 
INSERT INTO lga_product (`lga_pid`,`product_id`,`is_accepted`) VALUES ('VIC222','8','0'); 
INSERT INTO lga_product (`lga_pid`,`product_id`,`is_accepted`) VALUES ('VIC222','7','1'); 
INSERT INTO lga_product (`lga_pid`,`product_id`,`is_accepted`) VALUES ('VIC222','6','1'); 
INSERT INTO lga_product (`lga_pid`,`product_id`,`is_accepted`) VALUES ('VIC222','5','1'); 
INSERT INTO lga_product (`lga_pid`,`product_id`,`is_accepted`) VALUES ('VIC222','4','1'); 
INSERT INTO lga_product (`lga_pid`,`product_id`,`is_accepted`) VALUES ('VIC222','3','1'); 
INSERT INTO lga_product (`lga_pid`,`product_id`,`is_accepted`) VALUES ('VIC222','2','1'); 
INSERT INTO lga_product (`lga_pid`,`product_id`,`is_accepted`) VALUES ('VIC222','1','1'); 
INSERT INTO lga_product (`lga_pid`,`product_id`,`is_accepted`) VALUES ('VIC223','11','1'); 
INSERT INTO lga_product (`lga_pid`,`product_id`,`is_accepted`) VALUES ('VIC223','10','0'); 
INSERT INTO lga_product (`lga_pid`,`product_id`,`is_accepted`) VALUES ('VIC223','9','0'); 
INSERT INTO lga_product (`lga_pid`,`product_id`,`is_accepted`) VALUES ('VIC223','8','0'); 
INSERT INTO lga_product (`lga_pid`,`product_id`,`is_accepted`) VALUES ('VIC223','7','1'); 
INSERT INTO lga_product (`lga_pid`,`product_id`,`is_accepted`) VALUES ('VIC223','6','1'); 
INSERT INTO lga_product (`lga_pid`,`product_id`,`is_accepted`) VALUES ('VIC223','5','1'); 
INSERT INTO lga_product (`lga_pid`,`product_id`,`is_accepted`) VALUES ('VIC223','4','1'); 
INSERT INTO lga_product (`lga_pid`,`product_id`,`is_accepted`) VALUES ('VIC223','3','1'); 
INSERT INTO lga_product (`lga_pid`,`product_id`,`is_accepted`) VALUES ('VIC223','2','1'); 
INSERT INTO lga_product (`lga_pid`,`product_id`,`is_accepted`) VALUES ('VIC223','1','1'); 
INSERT INTO lga_product (`lga_pid`,`product_id`,`is_accepted`) VALUES ('VIC224','11','1'); 
INSERT INTO lga_product (`lga_pid`,`product_id`,`is_accepted`) VALUES ('VIC224','10','0'); 
INSERT INTO lga_product (`lga_pid`,`product_id`,`is_accepted`) VALUES ('VIC224','9','0'); 
INSERT INTO lga_product (`lga_pid`,`product_id`,`is_accepted`) VALUES ('VIC224','8','0'); 
INSERT INTO lga_product (`lga_pid`,`product_id`,`is_accepted`) VALUES ('VIC224','7','1'); 
INSERT INTO lga_product (`lga_pid`,`product_id`,`is_accepted`) VALUES ('VIC224','6','1'); 
INSERT INTO lga_product (`lga_pid`,`product_id`,`is_accepted`) VALUES ('VIC224','5','1'); 
INSERT INTO lga_product (`lga_pid`,`product_id`,`is_accepted`) VALUES ('VIC224','4','1'); 
INSERT INTO lga_product (`lga_pid`,`product_id`,`is_accepted`) VALUES ('VIC224','3','1'); 
INSERT INTO lga_product (`lga_pid`,`product_id`,`is_accepted`) VALUES ('VIC224','2','1'); 
INSERT INTO lga_product (`lga_pid`,`product_id`,`is_accepted`) VALUES ('VIC224','1','1'); 
INSERT INTO lga_product (`lga_pid`,`product_id`,`is_accepted`) VALUES ('VIC225','11','0'); 
INSERT INTO lga_product (`lga_pid`,`product_id`,`is_accepted`) VALUES ('VIC225','10','0'); 
INSERT INTO lga_product (`lga_pid`,`product_id`,`is_accepted`) VALUES ('VIC225','9','0'); 
INSERT INTO lga_product (`lga_pid`,`product_id`,`is_accepted`) VALUES ('VIC225','8','0'); 
INSERT INTO lga_product (`lga_pid`,`product_id`,`is_accepted`) VALUES ('VIC225','7','1'); 
INSERT INTO lga_product (`lga_pid`,`product_id`,`is_accepted`) VALUES ('VIC225','6','1'); 
INSERT INTO lga_product (`lga_pid`,`product_id`,`is_accepted`) VALUES ('VIC225','5','1'); 
INSERT INTO lga_product (`lga_pid`,`product_id`,`is_accepted`) VALUES ('VIC225','4','1'); 
INSERT INTO lga_product (`lga_pid`,`product_id`,`is_accepted`) VALUES ('VIC225','3','1'); 
INSERT INTO lga_product (`lga_pid`,`product_id`,`is_accepted`) VALUES ('VIC225','2','1'); 
INSERT INTO lga_product (`lga_pid`,`product_id`,`is_accepted`) VALUES ('VIC225','1','1'); 
INSERT INTO lga_product (`lga_pid`,`product_id`,`is_accepted`) VALUES ('VIC226','11','1'); 
INSERT INTO lga_product (`lga_pid`,`product_id`,`is_accepted`) VALUES ('VIC226','10','0'); 
INSERT INTO lga_product (`lga_pid`,`product_id`,`is_accepted`) VALUES ('VIC226','9','0'); 
INSERT INTO lga_product (`lga_pid`,`product_id`,`is_accepted`) VALUES ('VIC226','8','0'); 
INSERT INTO lga_product (`lga_pid`,`product_id`,`is_accepted`) VALUES ('VIC226','7','1'); 
INSERT INTO lga_product (`lga_pid`,`product_id`,`is_accepted`) VALUES ('VIC226','6','1'); 
INSERT INTO lga_product (`lga_pid`,`product_id`,`is_accepted`) VALUES ('VIC226','5','1'); 
INSERT INTO lga_product (`lga_pid`,`product_id`,`is_accepted`) VALUES ('VIC226','4','1'); 
INSERT INTO lga_product (`lga_pid`,`product_id`,`is_accepted`) VALUES ('VIC226','3','1'); 
INSERT INTO lga_product (`lga_pid`,`product_id`,`is_accepted`) VALUES ('VIC226','2','1'); 
INSERT INTO lga_product (`lga_pid`,`product_id`,`is_accepted`) VALUES ('VIC226','1','1'); 
INSERT INTO lga_product (`lga_pid`,`product_id`,`is_accepted`) VALUES ('VIC227','11','0'); 
INSERT INTO lga_product (`lga_pid`,`product_id`,`is_accepted`) VALUES ('VIC227','10','0'); 
INSERT INTO lga_product (`lga_pid`,`product_id`,`is_accepted`) VALUES ('VIC227','9','0'); 
INSERT INTO lga_product (`lga_pid`,`product_id`,`is_accepted`) VALUES ('VIC227','8','0'); 
INSERT INTO lga_product (`lga_pid`,`product_id`,`is_accepted`) VALUES ('VIC227','7','1'); 
INSERT INTO lga_product (`lga_pid`,`product_id`,`is_accepted`) VALUES ('VIC227','6','1'); 
INSERT INTO lga_product (`lga_pid`,`product_id`,`is_accepted`) VALUES ('VIC227','5','1'); 
INSERT INTO lga_product (`lga_pid`,`product_id`,`is_accepted`) VALUES ('VIC227','4','1'); 
INSERT INTO lga_product (`lga_pid`,`product_id`,`is_accepted`) VALUES ('VIC227','3','1'); 
INSERT INTO lga_product (`lga_pid`,`product_id`,`is_accepted`) VALUES ('VIC227','2','1'); 
INSERT INTO lga_product (`lga_pid`,`product_id`,`is_accepted`) VALUES ('VIC227','1','1'); 
INSERT INTO lga_product (`lga_pid`,`product_id`,`is_accepted`) VALUES ('VIC228','11','0'); 
INSERT INTO lga_product (`lga_pid`,`product_id`,`is_accepted`) VALUES ('VIC228','10','0'); 
INSERT INTO lga_product (`lga_pid`,`product_id`,`is_accepted`) VALUES ('VIC228','9','0'); 
INSERT INTO lga_product (`lga_pid`,`product_id`,`is_accepted`) VALUES ('VIC228','8','0'); 
INSERT INTO lga_product (`lga_pid`,`product_id`,`is_accepted`) VALUES ('VIC228','7','1'); 
INSERT INTO lga_product (`lga_pid`,`product_id`,`is_accepted`) VALUES ('VIC228','6','1'); 
INSERT INTO lga_product (`lga_pid`,`product_id`,`is_accepted`) VALUES ('VIC228','5','1'); 
INSERT INTO lga_product (`lga_pid`,`product_id`,`is_accepted`) VALUES ('VIC228','4','1'); 
INSERT INTO lga_product (`lga_pid`,`product_id`,`is_accepted`) VALUES ('VIC228','3','1'); 
INSERT INTO lga_product (`lga_pid`,`product_id`,`is_accepted`) VALUES ('VIC228','2','1'); 
INSERT INTO lga_product (`lga_pid`,`product_id`,`is_accepted`) VALUES ('VIC228','1','1'); 
INSERT INTO lga_product (`lga_pid`,`product_id`,`is_accepted`) VALUES ('VIC229','11','1'); 
INSERT INTO lga_product (`lga_pid`,`product_id`,`is_accepted`) VALUES ('VIC229','10','0'); 
INSERT INTO lga_product (`lga_pid`,`product_id`,`is_accepted`) VALUES ('VIC229','9','0'); 
INSERT INTO lga_product (`lga_pid`,`product_id`,`is_accepted`) VALUES ('VIC229','8','0'); 
INSERT INTO lga_product (`lga_pid`,`product_id`,`is_accepted`) VALUES ('VIC229','7','1'); 
INSERT INTO lga_product (`lga_pid`,`product_id`,`is_accepted`) VALUES ('VIC229','6','1'); 
INSERT INTO lga_product (`lga_pid`,`product_id`,`is_accepted`) VALUES ('VIC229','5','1'); 
INSERT INTO lga_product (`lga_pid`,`product_id`,`is_accepted`) VALUES ('VIC229','4','1'); 
INSERT INTO lga_product (`lga_pid`,`product_id`,`is_accepted`) VALUES ('VIC229','3','1'); 
INSERT INTO lga_product (`lga_pid`,`product_id`,`is_accepted`) VALUES ('VIC229','2','1'); 
INSERT INTO lga_product (`lga_pid`,`product_id`,`is_accepted`) VALUES ('VIC229','1','1'); 
INSERT INTO lga_product (`lga_pid`,`product_id`,`is_accepted`) VALUES ('VIC230','11','0'); 
INSERT INTO lga_product (`lga_pid`,`product_id`,`is_accepted`) VALUES ('VIC230','10','0'); 
INSERT INTO lga_product (`lga_pid`,`product_id`,`is_accepted`) VALUES ('VIC230','9','0'); 
INSERT INTO lga_product (`lga_pid`,`product_id`,`is_accepted`) VALUES ('VIC230','8','0'); 
INSERT INTO lga_product (`lga_pid`,`product_id`,`is_accepted`) VALUES ('VIC230','7','1'); 
INSERT INTO lga_product (`lga_pid`,`product_id`,`is_accepted`) VALUES ('VIC230','6','1'); 
INSERT INTO lga_product (`lga_pid`,`product_id`,`is_accepted`) VALUES ('VIC230','5','1'); 
INSERT INTO lga_product (`lga_pid`,`product_id`,`is_accepted`) VALUES ('VIC230','4','1'); 
INSERT INTO lga_product (`lga_pid`,`product_id`,`is_accepted`) VALUES ('VIC230','3','1'); 
INSERT INTO lga_product (`lga_pid`,`product_id`,`is_accepted`) VALUES ('VIC230','2','1'); 
INSERT INTO lga_product (`lga_pid`,`product_id`,`is_accepted`) VALUES ('VIC230','1','1'); 
INSERT INTO lga_product (`lga_pid`,`product_id`,`is_accepted`) VALUES ('VIC231','11','0'); 
INSERT INTO lga_product (`lga_pid`,`product_id`,`is_accepted`) VALUES ('VIC231','10','0'); 
INSERT INTO lga_product (`lga_pid`,`product_id`,`is_accepted`) VALUES ('VIC231','9','0'); 
INSERT INTO lga_product (`lga_pid`,`product_id`,`is_accepted`) VALUES ('VIC231','8','0'); 
INSERT INTO lga_product (`lga_pid`,`product_id`,`is_accepted`) VALUES ('VIC231','7','1'); 
INSERT INTO lga_product (`lga_pid`,`product_id`,`is_accepted`) VALUES ('VIC231','6','0'); 
INSERT INTO lga_product (`lga_pid`,`product_id`,`is_accepted`) VALUES ('VIC231','5','1'); 
INSERT INTO lga_product (`lga_pid`,`product_id`,`is_accepted`) VALUES ('VIC231','4','1'); 
INSERT INTO lga_product (`lga_pid`,`product_id`,`is_accepted`) VALUES ('VIC231','3','1'); 
INSERT INTO lga_product (`lga_pid`,`product_id`,`is_accepted`) VALUES ('VIC231','2','1'); 
INSERT INTO lga_product (`lga_pid`,`product_id`,`is_accepted`) VALUES ('VIC231','1','1'); 
INSERT INTO lga_product (`lga_pid`,`product_id`,`is_accepted`) VALUES ('VIC232','11','0'); 
INSERT INTO lga_product (`lga_pid`,`product_id`,`is_accepted`) VALUES ('VIC232','10','0'); 
INSERT INTO lga_product (`lga_pid`,`product_id`,`is_accepted`) VALUES ('VIC232','9','0'); 
INSERT INTO lga_product (`lga_pid`,`product_id`,`is_accepted`) VALUES ('VIC232','8','0'); 
INSERT INTO lga_product (`lga_pid`,`product_id`,`is_accepted`) VALUES ('VIC232','7','1'); 
INSERT INTO lga_product (`lga_pid`,`product_id`,`is_accepted`) VALUES ('VIC232','6','1'); 
INSERT INTO lga_product (`lga_pid`,`product_id`,`is_accepted`) VALUES ('VIC232','5','1'); 
INSERT INTO lga_product (`lga_pid`,`product_id`,`is_accepted`) VALUES ('VIC232','4','1'); 
INSERT INTO lga_product (`lga_pid`,`product_id`,`is_accepted`) VALUES ('VIC232','3','1'); 
INSERT INTO lga_product (`lga_pid`,`product_id`,`is_accepted`) VALUES ('VIC232','2','1'); 
INSERT INTO lga_product (`lga_pid`,`product_id`,`is_accepted`) VALUES ('VIC232','1','1'); 
INSERT INTO lga_product (`lga_pid`,`product_id`,`is_accepted`) VALUES ('VIC233','11','0'); 
INSERT INTO lga_product (`lga_pid`,`product_id`,`is_accepted`) VALUES ('VIC233','10','0'); 
INSERT INTO lga_product (`lga_pid`,`product_id`,`is_accepted`) VALUES ('VIC233','9','0'); 
INSERT INTO lga_product (`lga_pid`,`product_id`,`is_accepted`) VALUES ('VIC233','8','0'); 
INSERT INTO lga_product (`lga_pid`,`product_id`,`is_accepted`) VALUES ('VIC233','7','1'); 
INSERT INTO lga_product (`lga_pid`,`product_id`,`is_accepted`) VALUES ('VIC233','6','1'); 
INSERT INTO lga_product (`lga_pid`,`product_id`,`is_accepted`) VALUES ('VIC233','5','1'); 
INSERT INTO lga_product (`lga_pid`,`product_id`,`is_accepted`) VALUES ('VIC233','4','1'); 
INSERT INTO lga_product (`lga_pid`,`product_id`,`is_accepted`) VALUES ('VIC233','3','1'); 
INSERT INTO lga_product (`lga_pid`,`product_id`,`is_accepted`) VALUES ('VIC233','2','1'); 
INSERT INTO lga_product (`lga_pid`,`product_id`,`is_accepted`) VALUES ('VIC233','1','1'); 
INSERT INTO lga_product (`lga_pid`,`product_id`,`is_accepted`) VALUES ('VIC234','11','1'); 
INSERT INTO lga_product (`lga_pid`,`product_id`,`is_accepted`) VALUES ('VIC234','10','0'); 
INSERT INTO lga_product (`lga_pid`,`product_id`,`is_accepted`) VALUES ('VIC234','9','0'); 
INSERT INTO lga_product (`lga_pid`,`product_id`,`is_accepted`) VALUES ('VIC234','8','0'); 
INSERT INTO lga_product (`lga_pid`,`product_id`,`is_accepted`) VALUES ('VIC234','7','1'); 
INSERT INTO lga_product (`lga_pid`,`product_id`,`is_accepted`) VALUES ('VIC234','6','1'); 
INSERT INTO lga_product (`lga_pid`,`product_id`,`is_accepted`) VALUES ('VIC234','5','1'); 
INSERT INTO lga_product (`lga_pid`,`product_id`,`is_accepted`) VALUES ('VIC234','4','1'); 
INSERT INTO lga_product (`lga_pid`,`product_id`,`is_accepted`) VALUES ('VIC234','3','1'); 
INSERT INTO lga_product (`lga_pid`,`product_id`,`is_accepted`) VALUES ('VIC234','2','1'); 
INSERT INTO lga_product (`lga_pid`,`product_id`,`is_accepted`) VALUES ('VIC234','1','1'); 
INSERT INTO lga_product (`lga_pid`,`product_id`,`is_accepted`) VALUES ('VIC235','11','0'); 
INSERT INTO lga_product (`lga_pid`,`product_id`,`is_accepted`) VALUES ('VIC235','10','0'); 
INSERT INTO lga_product (`lga_pid`,`product_id`,`is_accepted`) VALUES ('VIC235','9','0'); 
INSERT INTO lga_product (`lga_pid`,`product_id`,`is_accepted`) VALUES ('VIC235','8','0'); 
INSERT INTO lga_product (`lga_pid`,`product_id`,`is_accepted`) VALUES ('VIC235','7','1'); 
INSERT INTO lga_product (`lga_pid`,`product_id`,`is_accepted`) VALUES ('VIC235','6','1'); 
INSERT INTO lga_product (`lga_pid`,`product_id`,`is_accepted`) VALUES ('VIC235','5','1'); 
INSERT INTO lga_product (`lga_pid`,`product_id`,`is_accepted`) VALUES ('VIC235','4','1'); 
INSERT INTO lga_product (`lga_pid`,`product_id`,`is_accepted`) VALUES ('VIC235','3','1'); 
INSERT INTO lga_product (`lga_pid`,`product_id`,`is_accepted`) VALUES ('VIC235','2','1'); 
INSERT INTO lga_product (`lga_pid`,`product_id`,`is_accepted`) VALUES ('VIC235','1','1'); 
INSERT INTO lga_product (`lga_pid`,`product_id`,`is_accepted`) VALUES ('VIC236','11','0'); 
INSERT INTO lga_product (`lga_pid`,`product_id`,`is_accepted`) VALUES ('VIC236','10','0'); 
INSERT INTO lga_product (`lga_pid`,`product_id`,`is_accepted`) VALUES ('VIC236','9','0'); 
INSERT INTO lga_product (`lga_pid`,`product_id`,`is_accepted`) VALUES ('VIC236','8','0'); 
INSERT INTO lga_product (`lga_pid`,`product_id`,`is_accepted`) VALUES ('VIC236','7','1'); 
INSERT INTO lga_product (`lga_pid`,`product_id`,`is_accepted`) VALUES ('VIC236','6','1'); 
INSERT INTO lga_product (`lga_pid`,`product_id`,`is_accepted`) VALUES ('VIC236','5','1'); 
INSERT INTO lga_product (`lga_pid`,`product_id`,`is_accepted`) VALUES ('VIC236','4','1'); 
INSERT INTO lga_product (`lga_pid`,`product_id`,`is_accepted`) VALUES ('VIC236','3','1'); 
INSERT INTO lga_product (`lga_pid`,`product_id`,`is_accepted`) VALUES ('VIC236','2','1'); 
INSERT INTO lga_product (`lga_pid`,`product_id`,`is_accepted`) VALUES ('VIC236','1','1'); 
INSERT INTO lga_product (`lga_pid`,`product_id`,`is_accepted`) VALUES ('VIC237','11','0'); 
INSERT INTO lga_product (`lga_pid`,`product_id`,`is_accepted`) VALUES ('VIC237','10','0'); 
INSERT INTO lga_product (`lga_pid`,`product_id`,`is_accepted`) VALUES ('VIC237','9','0'); 
INSERT INTO lga_product (`lga_pid`,`product_id`,`is_accepted`) VALUES ('VIC237','8','0'); 
INSERT INTO lga_product (`lga_pid`,`product_id`,`is_accepted`) VALUES ('VIC237','7','1'); 
INSERT INTO lga_product (`lga_pid`,`product_id`,`is_accepted`) VALUES ('VIC237','6','1'); 
INSERT INTO lga_product (`lga_pid`,`product_id`,`is_accepted`) VALUES ('VIC237','5','1'); 
INSERT INTO lga_product (`lga_pid`,`product_id`,`is_accepted`) VALUES ('VIC237','4','1'); 
INSERT INTO lga_product (`lga_pid`,`product_id`,`is_accepted`) VALUES ('VIC237','3','1'); 
INSERT INTO lga_product (`lga_pid`,`product_id`,`is_accepted`) VALUES ('VIC237','2','1'); 
INSERT INTO lga_product (`lga_pid`,`product_id`,`is_accepted`) VALUES ('VIC237','1','1'); 
INSERT INTO lga_product (`lga_pid`,`product_id`,`is_accepted`) VALUES ('VIC238','11','0'); 
INSERT INTO lga_product (`lga_pid`,`product_id`,`is_accepted`) VALUES ('VIC238','10','0'); 
INSERT INTO lga_product (`lga_pid`,`product_id`,`is_accepted`) VALUES ('VIC238','9','0'); 
INSERT INTO lga_product (`lga_pid`,`product_id`,`is_accepted`) VALUES ('VIC238','8','0'); 
INSERT INTO lga_product (`lga_pid`,`product_id`,`is_accepted`) VALUES ('VIC238','7','1'); 
INSERT INTO lga_product (`lga_pid`,`product_id`,`is_accepted`) VALUES ('VIC238','6','1'); 
INSERT INTO lga_product (`lga_pid`,`product_id`,`is_accepted`) VALUES ('VIC238','5','1'); 
INSERT INTO lga_product (`lga_pid`,`product_id`,`is_accepted`) VALUES ('VIC238','4','1'); 
INSERT INTO lga_product (`lga_pid`,`product_id`,`is_accepted`) VALUES ('VIC238','3','1'); 
INSERT INTO lga_product (`lga_pid`,`product_id`,`is_accepted`) VALUES ('VIC238','2','1'); 
INSERT INTO lga_product (`lga_pid`,`product_id`,`is_accepted`) VALUES ('VIC238','1','1'); 
INSERT INTO lga_product (`lga_pid`,`product_id`,`is_accepted`) VALUES ('VIC239','11','0'); 
INSERT INTO lga_product (`lga_pid`,`product_id`,`is_accepted`) VALUES ('VIC239','10','0'); 
INSERT INTO lga_product (`lga_pid`,`product_id`,`is_accepted`) VALUES ('VIC239','9','0'); 
INSERT INTO lga_product (`lga_pid`,`product_id`,`is_accepted`) VALUES ('VIC239','8','0'); 
INSERT INTO lga_product (`lga_pid`,`product_id`,`is_accepted`) VALUES ('VIC239','7','1'); 
INSERT INTO lga_product (`lga_pid`,`product_id`,`is_accepted`) VALUES ('VIC239','6','1'); 
INSERT INTO lga_product (`lga_pid`,`product_id`,`is_accepted`) VALUES ('VIC239','5','0'); 
INSERT INTO lga_product (`lga_pid`,`product_id`,`is_accepted`) VALUES ('VIC239','4','1'); 
INSERT INTO lga_product (`lga_pid`,`product_id`,`is_accepted`) VALUES ('VIC239','3','1'); 
INSERT INTO lga_product (`lga_pid`,`product_id`,`is_accepted`) VALUES ('VIC239','2','1'); 
INSERT INTO lga_product (`lga_pid`,`product_id`,`is_accepted`) VALUES ('VIC239','1','1'); 
INSERT INTO lga_product (`lga_pid`,`product_id`,`is_accepted`) VALUES ('VIC240','11','0'); 
INSERT INTO lga_product (`lga_pid`,`product_id`,`is_accepted`) VALUES ('VIC240','10','0'); 
INSERT INTO lga_product (`lga_pid`,`product_id`,`is_accepted`) VALUES ('VIC240','9','0'); 
INSERT INTO lga_product (`lga_pid`,`product_id`,`is_accepted`) VALUES ('VIC240','8','0'); 
INSERT INTO lga_product (`lga_pid`,`product_id`,`is_accepted`) VALUES ('VIC240','7','1'); 
INSERT INTO lga_product (`lga_pid`,`product_id`,`is_accepted`) VALUES ('VIC240','6','1'); 
INSERT INTO lga_product (`lga_pid`,`product_id`,`is_accepted`) VALUES ('VIC240','5','1'); 
INSERT INTO lga_product (`lga_pid`,`product_id`,`is_accepted`) VALUES ('VIC240','4','1'); 
INSERT INTO lga_product (`lga_pid`,`product_id`,`is_accepted`) VALUES ('VIC240','3','1'); 
INSERT INTO lga_product (`lga_pid`,`product_id`,`is_accepted`) VALUES ('VIC240','2','1'); 
INSERT INTO lga_product (`lga_pid`,`product_id`,`is_accepted`) VALUES ('VIC240','1','1'); 
INSERT INTO lga_product (`lga_pid`,`product_id`,`is_accepted`) VALUES ('VIC241','11','0'); 
INSERT INTO lga_product (`lga_pid`,`product_id`,`is_accepted`) VALUES ('VIC241','10','0'); 
INSERT INTO lga_product (`lga_pid`,`product_id`,`is_accepted`) VALUES ('VIC241','9','0'); 
INSERT INTO lga_product (`lga_pid`,`product_id`,`is_accepted`) VALUES ('VIC241','8','0'); 
INSERT INTO lga_product (`lga_pid`,`product_id`,`is_accepted`) VALUES ('VIC241','7','1'); 
INSERT INTO lga_product (`lga_pid`,`product_id`,`is_accepted`) VALUES ('VIC241','6','1'); 
INSERT INTO lga_product (`lga_pid`,`product_id`,`is_accepted`) VALUES ('VIC241','5','1'); 
INSERT INTO lga_product (`lga_pid`,`product_id`,`is_accepted`) VALUES ('VIC241','4','1'); 
INSERT INTO lga_product (`lga_pid`,`product_id`,`is_accepted`) VALUES ('VIC241','3','1'); 
INSERT INTO lga_product (`lga_pid`,`product_id`,`is_accepted`) VALUES ('VIC241','2','1'); 
INSERT INTO lga_product (`lga_pid`,`product_id`,`is_accepted`) VALUES ('VIC241','1','1'); 
INSERT INTO lga_product (`lga_pid`,`product_id`,`is_accepted`) VALUES ('VIC242','11','0'); 
INSERT INTO lga_product (`lga_pid`,`product_id`,`is_accepted`) VALUES ('VIC242','10','0'); 
INSERT INTO lga_product (`lga_pid`,`product_id`,`is_accepted`) VALUES ('VIC242','9','0'); 
INSERT INTO lga_product (`lga_pid`,`product_id`,`is_accepted`) VALUES ('VIC242','8','0'); 
INSERT INTO lga_product (`lga_pid`,`product_id`,`is_accepted`) VALUES ('VIC242','7','1'); 
INSERT INTO lga_product (`lga_pid`,`product_id`,`is_accepted`) VALUES ('VIC242','6','1'); 
INSERT INTO lga_product (`lga_pid`,`product_id`,`is_accepted`) VALUES ('VIC242','5','1'); 
INSERT INTO lga_product (`lga_pid`,`product_id`,`is_accepted`) VALUES ('VIC242','4','1'); 
INSERT INTO lga_product (`lga_pid`,`product_id`,`is_accepted`) VALUES ('VIC242','3','1'); 
INSERT INTO lga_product (`lga_pid`,`product_id`,`is_accepted`) VALUES ('VIC242','2','1'); 
INSERT INTO lga_product (`lga_pid`,`product_id`,`is_accepted`) VALUES ('VIC242','1','1'); 
INSERT INTO lga_product (`lga_pid`,`product_id`,`is_accepted`) VALUES ('VIC243','11','1'); 
INSERT INTO lga_product (`lga_pid`,`product_id`,`is_accepted`) VALUES ('VIC243','10','0'); 
INSERT INTO lga_product (`lga_pid`,`product_id`,`is_accepted`) VALUES ('VIC243','9','0'); 
INSERT INTO lga_product (`lga_pid`,`product_id`,`is_accepted`) VALUES ('VIC243','8','0'); 
INSERT INTO lga_product (`lga_pid`,`product_id`,`is_accepted`) VALUES ('VIC243','7','1'); 
INSERT INTO lga_product (`lga_pid`,`product_id`,`is_accepted`) VALUES ('VIC243','6','1'); 
INSERT INTO lga_product (`lga_pid`,`product_id`,`is_accepted`) VALUES ('VIC243','5','1'); 
INSERT INTO lga_product (`lga_pid`,`product_id`,`is_accepted`) VALUES ('VIC243','4','1'); 
INSERT INTO lga_product (`lga_pid`,`product_id`,`is_accepted`) VALUES ('VIC243','3','1'); 
INSERT INTO lga_product (`lga_pid`,`product_id`,`is_accepted`) VALUES ('VIC243','2','1'); 
INSERT INTO lga_product (`lga_pid`,`product_id`,`is_accepted`) VALUES ('VIC243','1','1'); 
INSERT INTO lga_product (`lga_pid`,`product_id`,`is_accepted`) VALUES ('VIC244','11','0'); 
INSERT INTO lga_product (`lga_pid`,`product_id`,`is_accepted`) VALUES ('VIC244','10','0'); 
INSERT INTO lga_product (`lga_pid`,`product_id`,`is_accepted`) VALUES ('VIC244','9','0'); 
INSERT INTO lga_product (`lga_pid`,`product_id`,`is_accepted`) VALUES ('VIC244','8','0'); 
INSERT INTO lga_product (`lga_pid`,`product_id`,`is_accepted`) VALUES ('VIC244','7','1'); 
INSERT INTO lga_product (`lga_pid`,`product_id`,`is_accepted`) VALUES ('VIC244','6','1'); 
INSERT INTO lga_product (`lga_pid`,`product_id`,`is_accepted`) VALUES ('VIC244','5','0'); 
INSERT INTO lga_product (`lga_pid`,`product_id`,`is_accepted`) VALUES ('VIC244','4','1'); 
INSERT INTO lga_product (`lga_pid`,`product_id`,`is_accepted`) VALUES ('VIC244','3','1'); 
INSERT INTO lga_product (`lga_pid`,`product_id`,`is_accepted`) VALUES ('VIC244','2','1'); 
INSERT INTO lga_product (`lga_pid`,`product_id`,`is_accepted`) VALUES ('VIC244','1','1'); 
INSERT INTO lga_product (`lga_pid`,`product_id`,`is_accepted`) VALUES ('VIC245','11','0'); 
INSERT INTO lga_product (`lga_pid`,`product_id`,`is_accepted`) VALUES ('VIC245','10','0'); 
INSERT INTO lga_product (`lga_pid`,`product_id`,`is_accepted`) VALUES ('VIC245','9','0'); 
INSERT INTO lga_product (`lga_pid`,`product_id`,`is_accepted`) VALUES ('VIC245','8','0'); 
INSERT INTO lga_product (`lga_pid`,`product_id`,`is_accepted`) VALUES ('VIC245','7','1'); 
INSERT INTO lga_product (`lga_pid`,`product_id`,`is_accepted`) VALUES ('VIC245','6','1'); 
INSERT INTO lga_product (`lga_pid`,`product_id`,`is_accepted`) VALUES ('VIC245','5','1'); 
INSERT INTO lga_product (`lga_pid`,`product_id`,`is_accepted`) VALUES ('VIC245','4','1'); 
INSERT INTO lga_product (`lga_pid`,`product_id`,`is_accepted`) VALUES ('VIC245','3','1'); 
INSERT INTO lga_product (`lga_pid`,`product_id`,`is_accepted`) VALUES ('VIC245','2','1'); 
INSERT INTO lga_product (`lga_pid`,`product_id`,`is_accepted`) VALUES ('VIC245','1','1'); 
INSERT INTO lga_product (`lga_pid`,`product_id`,`is_accepted`) VALUES ('VIC246','11','0'); 
INSERT INTO lga_product (`lga_pid`,`product_id`,`is_accepted`) VALUES ('VIC246','10','0'); 
INSERT INTO lga_product (`lga_pid`,`product_id`,`is_accepted`) VALUES ('VIC246','9','0'); 
INSERT INTO lga_product (`lga_pid`,`product_id`,`is_accepted`) VALUES ('VIC246','8','0'); 
INSERT INTO lga_product (`lga_pid`,`product_id`,`is_accepted`) VALUES ('VIC246','7','1'); 
INSERT INTO lga_product (`lga_pid`,`product_id`,`is_accepted`) VALUES ('VIC246','6','1'); 
INSERT INTO lga_product (`lga_pid`,`product_id`,`is_accepted`) VALUES ('VIC246','5','1'); 
INSERT INTO lga_product (`lga_pid`,`product_id`,`is_accepted`) VALUES ('VIC246','4','1'); 
INSERT INTO lga_product (`lga_pid`,`product_id`,`is_accepted`) VALUES ('VIC246','3','1'); 
INSERT INTO lga_product (`lga_pid`,`product_id`,`is_accepted`) VALUES ('VIC246','2','1'); 
INSERT INTO lga_product (`lga_pid`,`product_id`,`is_accepted`) VALUES ('VIC246','1','1'); 
INSERT INTO lga_product (`lga_pid`,`product_id`,`is_accepted`) VALUES ('VIC247','11','0'); 
INSERT INTO lga_product (`lga_pid`,`product_id`,`is_accepted`) VALUES ('VIC247','10','0'); 
INSERT INTO lga_product (`lga_pid`,`product_id`,`is_accepted`) VALUES ('VIC247','9','0'); 
INSERT INTO lga_product (`lga_pid`,`product_id`,`is_accepted`) VALUES ('VIC247','8','0'); 
INSERT INTO lga_product (`lga_pid`,`product_id`,`is_accepted`) VALUES ('VIC247','7','1'); 
INSERT INTO lga_product (`lga_pid`,`product_id`,`is_accepted`) VALUES ('VIC247','6','1'); 
INSERT INTO lga_product (`lga_pid`,`product_id`,`is_accepted`) VALUES ('VIC247','5','1'); 
INSERT INTO lga_product (`lga_pid`,`product_id`,`is_accepted`) VALUES ('VIC247','4','1'); 
INSERT INTO lga_product (`lga_pid`,`product_id`,`is_accepted`) VALUES ('VIC247','3','1'); 
INSERT INTO lga_product (`lga_pid`,`product_id`,`is_accepted`) VALUES ('VIC247','2','1'); 
INSERT INTO lga_product (`lga_pid`,`product_id`,`is_accepted`) VALUES ('VIC247','1','1'); 
INSERT INTO lga_product (`lga_pid`,`product_id`,`is_accepted`) VALUES ('VIC248','11','0'); 
INSERT INTO lga_product (`lga_pid`,`product_id`,`is_accepted`) VALUES ('VIC248','10','0'); 
INSERT INTO lga_product (`lga_pid`,`product_id`,`is_accepted`) VALUES ('VIC248','9','0'); 
INSERT INTO lga_product (`lga_pid`,`product_id`,`is_accepted`) VALUES ('VIC248','8','0'); 
INSERT INTO lga_product (`lga_pid`,`product_id`,`is_accepted`) VALUES ('VIC248','7','1'); 
INSERT INTO lga_product (`lga_pid`,`product_id`,`is_accepted`) VALUES ('VIC248','6','1'); 
INSERT INTO lga_product (`lga_pid`,`product_id`,`is_accepted`) VALUES ('VIC248','5','1'); 
INSERT INTO lga_product (`lga_pid`,`product_id`,`is_accepted`) VALUES ('VIC248','4','1'); 
INSERT INTO lga_product (`lga_pid`,`product_id`,`is_accepted`) VALUES ('VIC248','3','1'); 
INSERT INTO lga_product (`lga_pid`,`product_id`,`is_accepted`) VALUES ('VIC248','2','1'); 
INSERT INTO lga_product (`lga_pid`,`product_id`,`is_accepted`) VALUES ('VIC248','1','1'); 
INSERT INTO lga_product (`lga_pid`,`product_id`,`is_accepted`) VALUES ('VIC249','11','0'); 
INSERT INTO lga_product (`lga_pid`,`product_id`,`is_accepted`) VALUES ('VIC249','10','0'); 
INSERT INTO lga_product (`lga_pid`,`product_id`,`is_accepted`) VALUES ('VIC249','9','0'); 
INSERT INTO lga_product (`lga_pid`,`product_id`,`is_accepted`) VALUES ('VIC249','8','0'); 
INSERT INTO lga_product (`lga_pid`,`product_id`,`is_accepted`) VALUES ('VIC249','7','1'); 
INSERT INTO lga_product (`lga_pid`,`product_id`,`is_accepted`) VALUES ('VIC249','6','1'); 
INSERT INTO lga_product (`lga_pid`,`product_id`,`is_accepted`) VALUES ('VIC249','5','1'); 
INSERT INTO lga_product (`lga_pid`,`product_id`,`is_accepted`) VALUES ('VIC249','4','1'); 
INSERT INTO lga_product (`lga_pid`,`product_id`,`is_accepted`) VALUES ('VIC249','3','1'); 
INSERT INTO lga_product (`lga_pid`,`product_id`,`is_accepted`) VALUES ('VIC249','2','1'); 
INSERT INTO lga_product (`lga_pid`,`product_id`,`is_accepted`) VALUES ('VIC249','1','1'); 
INSERT INTO lga_product (`lga_pid`,`product_id`,`is_accepted`) VALUES ('VIC250','11','0'); 
INSERT INTO lga_product (`lga_pid`,`product_id`,`is_accepted`) VALUES ('VIC250','10','0'); 
INSERT INTO lga_product (`lga_pid`,`product_id`,`is_accepted`) VALUES ('VIC250','9','0'); 
INSERT INTO lga_product (`lga_pid`,`product_id`,`is_accepted`) VALUES ('VIC250','8','0'); 
INSERT INTO lga_product (`lga_pid`,`product_id`,`is_accepted`) VALUES ('VIC250','7','1'); 
INSERT INTO lga_product (`lga_pid`,`product_id`,`is_accepted`) VALUES ('VIC250','6','1'); 
INSERT INTO lga_product (`lga_pid`,`product_id`,`is_accepted`) VALUES ('VIC250','5','1'); 
INSERT INTO lga_product (`lga_pid`,`product_id`,`is_accepted`) VALUES ('VIC250','4','1'); 
INSERT INTO lga_product (`lga_pid`,`product_id`,`is_accepted`) VALUES ('VIC250','3','1'); 
INSERT INTO lga_product (`lga_pid`,`product_id`,`is_accepted`) VALUES ('VIC250','2','1'); 
INSERT INTO lga_product (`lga_pid`,`product_id`,`is_accepted`) VALUES ('VIC250','1','1'); 
INSERT INTO lga_product (`lga_pid`,`product_id`,`is_accepted`) VALUES ('VIC251','11','0'); 
INSERT INTO lga_product (`lga_pid`,`product_id`,`is_accepted`) VALUES ('VIC251','10','0'); 
INSERT INTO lga_product (`lga_pid`,`product_id`,`is_accepted`) VALUES ('VIC251','9','0'); 
INSERT INTO lga_product (`lga_pid`,`product_id`,`is_accepted`) VALUES ('VIC251','8','0'); 
INSERT INTO lga_product (`lga_pid`,`product_id`,`is_accepted`) VALUES ('VIC251','7','1'); 
INSERT INTO lga_product (`lga_pid`,`product_id`,`is_accepted`) VALUES ('VIC251','6','1'); 
INSERT INTO lga_product (`lga_pid`,`product_id`,`is_accepted`) VALUES ('VIC251','5','1'); 
INSERT INTO lga_product (`lga_pid`,`product_id`,`is_accepted`) VALUES ('VIC251','4','1'); 
INSERT INTO lga_product (`lga_pid`,`product_id`,`is_accepted`) VALUES ('VIC251','3','1'); 
INSERT INTO lga_product (`lga_pid`,`product_id`,`is_accepted`) VALUES ('VIC251','2','1'); 
INSERT INTO lga_product (`lga_pid`,`product_id`,`is_accepted`) VALUES ('VIC251','1','1'); 
INSERT INTO lga_product (`lga_pid`,`product_id`,`is_accepted`) VALUES ('VIC93','11','0'); 
INSERT INTO lga_product (`lga_pid`,`product_id`,`is_accepted`) VALUES ('VIC93','10','0'); 
INSERT INTO lga_product (`lga_pid`,`product_id`,`is_accepted`) VALUES ('VIC93','9','0'); 
INSERT INTO lga_product (`lga_pid`,`product_id`,`is_accepted`) VALUES ('VIC93','8','0'); 
INSERT INTO lga_product (`lga_pid`,`product_id`,`is_accepted`) VALUES ('VIC93','7','1'); 
INSERT INTO lga_product (`lga_pid`,`product_id`,`is_accepted`) VALUES ('VIC93','6','1'); 
INSERT INTO lga_product (`lga_pid`,`product_id`,`is_accepted`) VALUES ('VIC93','5','1'); 
INSERT INTO lga_product (`lga_pid`,`product_id`,`is_accepted`) VALUES ('VIC93','4','1'); 
INSERT INTO lga_product (`lga_pid`,`product_id`,`is_accepted`) VALUES ('VIC93','3','1'); 
INSERT INTO lga_product (`lga_pid`,`product_id`,`is_accepted`) VALUES ('VIC93','2','1'); 
INSERT INTO lga_product (`lga_pid`,`product_id`,`is_accepted`) VALUES ('VIC93','1','1'); 
INSERT INTO lga_product (`lga_pid`,`product_id`,`is_accepted`) VALUES ('VIC94','11','0'); 
INSERT INTO lga_product (`lga_pid`,`product_id`,`is_accepted`) VALUES ('VIC94','10','0'); 
INSERT INTO lga_product (`lga_pid`,`product_id`,`is_accepted`) VALUES ('VIC94','9','0'); 
INSERT INTO lga_product (`lga_pid`,`product_id`,`is_accepted`) VALUES ('VIC94','8','0'); 
INSERT INTO lga_product (`lga_pid`,`product_id`,`is_accepted`) VALUES ('VIC94','7','1'); 
INSERT INTO lga_product (`lga_pid`,`product_id`,`is_accepted`) VALUES ('VIC94','6','1'); 
INSERT INTO lga_product (`lga_pid`,`product_id`,`is_accepted`) VALUES ('VIC94','5','1'); 
INSERT INTO lga_product (`lga_pid`,`product_id`,`is_accepted`) VALUES ('VIC94','4','1'); 
INSERT INTO lga_product (`lga_pid`,`product_id`,`is_accepted`) VALUES ('VIC94','3','1'); 
INSERT INTO lga_product (`lga_pid`,`product_id`,`is_accepted`) VALUES ('VIC94','2','1'); 
INSERT INTO lga_product (`lga_pid`,`product_id`,`is_accepted`) VALUES ('VIC94','1','1'); 
DELETE FROM bin;
INSERT INTO bin (`bin`,`bin_image`) VALUES ('Yellow','bin_yellow.jp'); 
INSERT INTO bin (`bin`,`bin_image`) VALUES ('Red','bin_red.jp'); 
DELETE FROM product_point;
INSERT INTO product_point (`product_id`,`point_type`,`sequence`,`product_point`) VALUES ('1','instruction','1','Scrap off the extra food '); 
INSERT INTO product_point (`product_id`,`point_type`,`sequence`,`product_point`) VALUES ('1','instruction','2','Give a quick rinse to the container'); 
INSERT INTO product_point (`product_id`,`point_type`,`sequence`,`product_point`) VALUES ('2','instruction','1','Rinse before you dispose '); 
INSERT INTO product_point (`product_id`,`point_type`,`sequence`,`product_point`) VALUES ('2','instruction','2','Wait for the bottle to dry before disposing '); 
INSERT INTO product_point (`product_id`,`point_type`,`sequence`,`product_point`) VALUES ('2','instruction','3','Crush the bottle before disposing '); 
INSERT INTO product_point (`product_id`,`point_type`,`sequence`,`product_point`) VALUES ('2','instruction','4','Remove the bottle cap'); 
INSERT INTO product_point (`product_id`,`point_type`,`sequence`,`product_point`) VALUES ('3','instruction','1','Ensure that the detergent bottles are cleaned before they are disposed'); 
INSERT INTO product_point (`product_id`,`point_type`,`sequence`,`product_point`) VALUES ('4','instruction','1','Rinse before you dispose '); 
INSERT INTO product_point (`product_id`,`point_type`,`sequence`,`product_point`) VALUES ('4','instruction','2','Wait foe the bottle to dry before disposing'); 
INSERT INTO product_point (`product_id`,`point_type`,`sequence`,`product_point`) VALUES ('5','instruction','1','Remove the absorption pad before disposing Wash the meat tray before disposing'); 
INSERT INTO product_point (`product_id`,`point_type`,`sequence`,`product_point`) VALUES ('6','instruction','1','Make sure that the pots are cleaned before recycling '); 
INSERT INTO product_point (`product_id`,`point_type`,`sequence`,`product_point`) VALUES ('6','instruction','2','The pots should not contain soil or organic matter '); 
INSERT INTO product_point (`product_id`,`point_type`,`sequence`,`product_point`) VALUES ('6','instruction','3','Stack them on one above the other to reduce the space'); 
INSERT INTO product_point (`product_id`,`point_type`,`sequence`,`product_point`) VALUES ('7','instruction','1','Clean the fruit/food scraps '); 
INSERT INTO product_point (`product_id`,`point_type`,`sequence`,`product_point`) VALUES ('7','instruction','2','Give it a rinse before disposing'); 
INSERT INTO product_point (`product_id`,`point_type`,`sequence`,`product_point`) VALUES ('8','instruction','1','This should be disposed into garbage bin as they are general waste as they cannot be recycled'); 
INSERT INTO product_point (`product_id`,`point_type`,`sequence`,`product_point`) VALUES ('9','instruction','1','This should be disposed into garbage bin as they are general waste as they cannot be recycled'); 
INSERT INTO product_point (`product_id`,`point_type`,`sequence`,`product_point`) VALUES ('10','instruction','1','This should be disposed into garbage bin as they are general waste as they cannot be recycled'); 
INSERT INTO product_point (`product_id`,`point_type`,`sequence`,`product_point`) VALUES ('11','instruction','1','These caps have to be separated from the bottle and disposed into the Red Bins'); 
INSERT INTO product_point (`product_id`,`point_type`,`sequence`,`product_point`) VALUES ('1','note','1','Black plastic punnets are not recycled as sorting equipment cannot detect the colour black.'); 
INSERT INTO product_point (`product_id`,`point_type`,`sequence`,`product_point`) VALUES ('1','note','1','Please put these in your rubbish bin'); 
INSERT INTO product_point (`product_id`,`point_type`,`sequence`,`product_point`) VALUES ('2','note','1','Container Deposit Scheme(CDS) recycles drink containers. '); 
INSERT INTO product_point (`product_id`,`point_type`,`sequence`,`product_point`) VALUES ('2','note','1','Return the drink bottle to the nearest collection point and earn 10c for each container'); 
INSERT INTO product_point (`product_id`,`point_type`,`sequence`,`product_point`) VALUES ('3','note','1','Bottles containing detergent that you wish to dispose can be done using Detox Your Home '); 
INSERT INTO product_point (`product_id`,`point_type`,`sequence`,`product_point`) VALUES ('3','note','1','40 Detox Your Home pop up events are held every year in Victoria in partnership with councils'); 
INSERT INTO product_point (`product_id`,`point_type`,`sequence`,`product_point`) VALUES ('4','note','1','If they are in good condition'); 
INSERT INTO product_point (`product_id`,`point_type`,`sequence`,`product_point`) VALUES ('5','note','1','The oil present in the meat tray will slow down the recycle process'); 
INSERT INTO product_point (`product_id`,`point_type`,`sequence`,`product_point`) VALUES ('6','note','1','Undamaged pots can be donated to Port Phillip Resource Recovery Centre for reuse'); 
INSERT INTO product_point (`product_id`,`point_type`,`sequence`,`product_point`) VALUES ('7','note','1','Black plastic punnets are not recycled as sorting equipment cannot detect the colour black.'); 
INSERT INTO product_point (`product_id`,`point_type`,`sequence`,`product_point`) VALUES ('7','note','2','Please put these in your rubbish bin'); 
INSERT INTO product_point (`product_id`,`point_type`,`sequence`,`product_point`) VALUES ('8','note','1','Use the appropriate bin to dispose.'); 
INSERT INTO product_point (`product_id`,`point_type`,`sequence`,`product_point`) VALUES ('8','note','1','These plastics get stuck in the conveyor belt and stop the recycling process when disposed in yellow bin'); 
INSERT INTO product_point (`product_id`,`point_type`,`sequence`,`product_point`) VALUES ('9','note','1','Reuse Tips: Swap your soft plastic bags with the reusable silicon bags'); 
INSERT INTO product_point (`product_id`,`point_type`,`sequence`,`product_point`) VALUES ('10','note','1','These plastics have been specifically manufactured to break down in the general waste stream.'); 
INSERT INTO product_point (`product_id`,`point_type`,`sequence`,`product_point`) VALUES ('10','note','2','They are not recyclable as they degenerate before the start of recycling'); 
INSERT INTO product_point (`product_id`,`point_type`,`sequence`,`product_point`) VALUES ('11','note','1','Plastic lids that are washed clean can be recycled through Lids 4 Kids and Rethink Recycling Coop.'); 
